BRONX â CONDOMINIUMS COMPARABLE PROPERTIES â Boro-Block-Lot,BRONX â CONDOMINIUMS COMPARABLE PROPERTIES â Condo Section,BRONX â CONDOMINIUMS COMPARABLE PROPERTIES â Address,BRONX â CONDOMINIUMS COMPARABLE PROPERTIES â Neighborhood,BRONX â CONDOMINIUMS COMPARABLE PROPERTIES â Building Classification,BRONX â CONDOMINIUMS COMPARABLE PROPERTIES â Total Units,BRONX â CONDOMINIUMS COMPARABLE PROPERTIES â Year Built,BRONX â CONDOMINIUMS COMPARABLE PROPERTIES â Gross SqFt,BRONX â CONDOMINIUMS COMPARABLE PROPERTIES â Estimated Gross Income,BRONX â CONDOMINIUMS COMPARABLE PROPERTIES â Gross Income per SqFt,BRONX â CONDOMINIUMS COMPARABLE PROPERTIES â Estimated Expense,BRONX â CONDOMINIUMS COMPARABLE PROPERTIES â Expense per SqFt,BRONX â CONDOMINIUMS COMPARABLE PROPERTIES â Net Operating Income,BRONX â CONDOMINIUMS COMPARABLE PROPERTIES â Full Market Value,BRONX â CONDOMINIUMS COMPARABLE PROPERTIES â Market Value per SqFt,COMPARABLE RENTAL â 1 â Boro-Block-Lot,COMPARABLE RENTAL â 1 â Address,COMPARABLE RENTAL â 1 â Neighborhood,COMPARABLE RENTAL â 1 â Building Classification,COMPARABLE RENTAL â 1 â Total Units,COMPARABLE RENTAL â 1 â Year Built,COMPARABLE RENTAL â 1 â Gross SqFt,COMPARABLE RENTAL â 1 â Estimated Gross Income,COMPARABLE RENTAL â 1 â Gross Income per SqFt,COMPARABLE RENTAL â 1 â Estimated Expense,COMPARABLE RENTAL â 1 â Expense per SqFt,COMPARABLE RENTAL â 1 â Net Operating Income,COMPARABLE RENTAL â 1 â Full Market Value,COMPARABLE RENTAL â 1 â Market Value per SqFt,COMPARABLE RENTAL â 1 â Distance from Condo in miles,COMPARABLE RENTAL â 2 â Boro-Block-Lot,COMPARABLE RENTAL â 2 â Address,COMPARABLE RENTAL â 2 â Neighborhood,COMPARABLE RENTAL â 2 â Building Classification,COMPARABLE RENTAL â 2 â Total Units,COMPARABLE RENTAL â 2 â Year Built,COMPARABLE RENTAL â 2 â Gross SqFt,COMPARABLE RENTAL â 2 â Estimated Gross Income,COMPARABLE RENTAL â 2 â Gross Income per SqFt,COMPARABLE RENTAL â 2 â Estimated Expense,COMPARABLE RENTAL â 2 â Expense per SqFt,COMPARABLE RENTAL â 2 â Net Operating Income,COMPARABLE RENTAL â 2 â Full Market Value,COMPARABLE RENTAL â 2 â Market Value per SqFt,COMPARABLE RENTAL â 2 â Distance from Condo in miles,COMPARABLE RENTAL â 3 â Boro-Block-Lot,COMPARABLE RENTAL â 3 â Address,COMPARABLE RENTAL â 3 â Neighborhood,COMPARABLE RENTAL â 3 â Building Classification,COMPARABLE RENTAL â 3 â Total Units,COMPARABLE RENTAL â 3 â Year Built,COMPARABLE RENTAL â 3 â Gross SqFt,COMPARABLE RENTAL â 3 â Estimated Gross Income,COMPARABLE RENTAL â 3 â Gross Income per SqFt,COMPARABLE RENTAL â 3 â Estimated Expense,COMPARABLE RENTAL â 3 â Expense per SqFt,COMPARABLE RENTAL â 3 â Net Operating Income,COMPARABLE RENTAL â 3 â Full Market Value,COMPARABLE RENTAL â 3 â Market Value per SqFt,COMPARABLE RENTAL â 3 â Distance from Condo in miles
2-02315-7501,0093-R1,305 EAST 140 STREET,MOTT HAVEN/PORT MORRIS,R2-CONDOMINIUM,11,1904,21092,257533,12.21,137520,6.52,120013,653000,30.96,2-02287-0133,458 EAST 143 STREET,MOTT HAVEN/PORT MORRIS,D1-ELEVATOR,37,1910,22224,263446,11.85,134152,6.04,129294,825000,37.12,0.3,2-02287-0046,489 EAST 142 STREET,MOTT HAVEN/PORT MORRIS,D3-ELEVATOR,96,1973,97926,1230694,12.57,685907,7,544787,3649000,37.26,0.3,, , , , , , , , , , , , , , 
2-02364-7501,0099-R1,3044 3 AVENUE,MORRISANIA/LONGWOOD,R4-CONDOMINIUM,61,2006,72000,1174320,16.31,451440,6.27,722880,4504003,62.56,2-02707-0030,715 FOX STREET,MORRISANIA/LONGWOOD,D1-ELEVATOR,50,2008,60373,1192367,19.75,596184,9.88,596183,4268000,70.69,0.77,2-02688-0036,853 MACY PLACE,MORRISANIA/LONGWOOD,D1-ELEVATOR,63,2009,75119,966782,12.87,666306,8.87,300476,1175000,15.64,0.6,, , , , , , , , , , , , , , 
2-02369-7502,0122-R1,500 EAST 165 STREET,MORRISANIA/LONGWOOD,R4-CONDOMINIUM,128,2007,150121,2005617,13.36,1122905,7.48,882712,5854000,39,2-02751-0022,1107 BRYANT AVENUE,MORRISANIA/LONGWOOD,D5-ELEVATOR,97,1923,88463,1238859,14,644239,7.28,594620,2838000,32.08,0.98,2-02674-0051,645 PROSPECT AVENUE,MORRISANIA/LONGWOOD,D1-ELEVATOR,109,1985,112536,1590276,14.13,826943,7.35,763333,4635000,41.19,0.84,, , , , , , , , , , , , , , 
2-02378-7501,0126-R1,3055 3 AVENUE,MORRISANIA/LONGWOOD,R4-CONDOMINIUM,58,2007,63872,818200,12.81,445188,6.97,373012,2491000,39,2-02690-0173,861 EAST 163 STREET,MORRISANIA/LONGWOOD,D1-ELEVATOR,74,2004,72000,741173,10.29,397824,5.53,343349,2138000,29.69,0.73,2-02688-0036,853 MACY PLACE,MORRISANIA/LONGWOOD,D1-ELEVATOR,63,2009,75119,966782,12.87,666306,8.87,300476,1175000,15.64,0.65,, , , , , , , , , , , , , , 
2-02381-7501,0115-R1,837 WASHINGTON AVENUE,MORRISANIA/LONGWOOD,R4-CONDOMINIUM,90,2008,128643,1718670,13.36,962250,7.48,756420,5017000,39,2-02647-0005,820 JACKSON AVENUE,MORRISANIA/LONGWOOD,D1-ELEVATOR,61,1969,49608,742588,14.97,445104,8.97,297484,1529000,30.82,0.38,2-02370-0049,501 EAST 165 STREET,MORRISANIA/LONGWOOD,D1-ELEVATOR,42,2006,41000,547775,13.36,301264,7.35,246511,1132000,27.61,0.39,2-02432-0005,986 MORRIS AVENUE,MELROSE/CONCOURSE,D1-ELEVATOR,30,1929,"34,125","440,880",12.92,"264,517",7.75,"176,363","1,056,000",30.95,0.47
2-02382-7501,0094-R1,871 ELTON AVENUE,MORRISANIA/LONGWOOD,R9-CONDOMINIUM,110,2005,99240,1271264,12.81,691703,6.97,579561,3870000,39,2-02426-0008,1124 CLAY AVENUE,MELROSE/CONCOURSE,D1-ELEVATOR,54,1920,46400,692561,14.93,422451,9.1,270110,1441000,31.06,0.46,2-02370-0049,501 EAST 165 STREET,MORRISANIA/LONGWOOD,D1-ELEVATOR,42,2006,41000,547775,13.36,301264,7.35,246511,1132000,27.61,0.37,2-02398-0027,395 EAST 151 STREET,MELROSE/CONCOURSE,D7-ELEVATOR,39,1931,"36,360","477,689",13.14,"306,682",8.43,"171,007","1,137,000",31.27,0.44
2-02382-7502,0108-R1,406 EAST 161 STREET,MORRISANIA/LONGWOOD,R9-CONDOMINIUM,88,2006,76984,1184784,15.39,411864,5.35,772920,5304000,68.9,2-03263-0050,140 VAN CORTLANDT AVENUE,KINGSBRIDGE/JEROME PARK,D1-ELEVATOR,88,1943,70300,1316095,18.72,615986,8.76,700109,5032000,71.58,4.31,2-02840-0054,120 MARCY PLACE,MELROSE/CONCOURSE,D1-ELEVATOR,196,1941,70200,1100529,15.68,421091,6,679438,4649000,66.23,0.98,, , , , , , , , , , , , , , 
2-02516-7501,0073-R1,1209 NELSON AVENUE,HIGHBRIDGE/MORRIS HEIGHTS,R4-CONDOMINIUM,28,2005,24262,377759,15.57,167649,6.91,210110,1499988,61.82,2-02876-0165,1684 NELSON AVENUE,HIGHBRIDGE/MORRIS HEIGHTS,C1-WALK-UP,32,1924,21000,326961,15.57,174432,8.31,152529,1045000,49.76,0.86,2-02879-0123,1805 DR M L KING JR BOULE,HIGHBRIDGE/MORRIS HEIGHTS,C1-WALK-UP,26,1923,22500,333198,14.81,193184,8.59,140014,432000,19.2,1.2,2-02861-0050,1702 DAVIDSON AVENUE,HIGHBRIDGE/MORRIS HEIGHTS,C1-WALK-UP,28,1927,"22,500","353,925",15.73,"165,825",7.37,"188,100","587,000",26.09,0.99
2-02651-7501,0020-R1,1111 FOREST AVENUE,MORRISANIA/LONGWOOD,R2-CONDOMINIUM,8,1903,7745,102931,13.29,54215,7,48716,324000,41.83,2-02963-0005,1410 PROSPECT AVENUE,MORRISANIA/LONGWOOD,C1-WALK-UP,13,1904,8164,118520,14.52,75369,9.23,43151,298000,36.5,0.51,2-02612-0002,1230 FULTON AVENUE,MORRISANIA/LONGWOOD,C1-WALK-UP,14,1910,9504,125385,13.19,69266,7.29,56119,300000,31.57,0.26,, , , , , , , , , , , , , , 
2-02686-7501,0053-R1,717 KELLY STREET,MORRISANIA/LONGWOOD,R2-CONDOMINIUM,13,1909,14384,221370,15.39,76954,5.35,144416,991003,68.9,2-02684-0068,972 LEGGETT AVENUE,MORRISANIA/LONGWOOD,C7-WALK-UP,48,1915,41270,655376,15.88,322153,7.81,333223,1800000,43.62,0.12,2-02674-0027,592 UNION AVENUE,MORRISANIA/LONGWOOD,C1-WALK-UP,43,1926,33890,582130,17.18,320197,9.45,261933,1893000,55.86,0.21,, , , , , , , , , , , , , , 
2-02690-7501,0131-R1,871 WESTCHESTER AVENUE,MORRISANIA/LONGWOOD,R4-CONDOMINIUM,70,2005,72717,744622,10.24,395580,5.44,349042,2023500,27.83,2-02690-0081,881 EAST 162 STREET,MORRISANIA/LONGWOOD,D1-ELEVATOR,86,2005,82000,835580,10.19,501840,6.12,333740,2079000,25.35,0.06,2-02690-0173,861 EAST 163 STREET,MORRISANIA/LONGWOOD,D1-ELEVATOR,74,2004,72000,741173,10.29,397824,5.53,343349,2138000,29.69,0.14,, , , , , , , , , , , , , , 
2-02690-7502,0132-R1,890 PROSPECT AVENUE,MORRISANIA/LONGWOOD,R4-CONDOMINIUM,124,2005,125905,1289267,10.24,593063,4.71,696204,4336000,34.44,2-02751-0022,1107 BRYANT AVENUE,MORRISANIA/LONGWOOD,D5-ELEVATOR,97,1923,88463,1238859,14,644239,7.28,594620,2838000,32.08,0.66,2-02674-0051,645 PROSPECT AVENUE,MORRISANIA/LONGWOOD,D1-ELEVATOR,109,1985,112536,1590276,14.13,826943,7.35,763333,4635000,41.19,0.46,, , , , , , , , , , , , , , 
2-02703-7501,0074-R1,950 WESTCHESTER AVENUE,MORRISANIA/LONGWOOD,R4-CONDOMINIUM,111,2006,112935,1512200,13.39,800710,7.09,711490,4734000,41.92,2-02456-0181,185 MC CLELLAN STREET,MELROSE/CONCOURSE,D7-ELEVATOR,117,1936,123000,1264238,10.28,748623,6.09,515615,3210000,26.1,1.38,2-03024-0008,355 EAST 184 STREET,FORDHAM,D7-ELEVATOR,112,1972,120000,1606800,13.39,850800,7.09,756000,4815000,40.13,2.51,, , , , , , , , , , , , , , 
2-02742-7501,0072-R1,951 HOE AVENUE,MORRISANIA/LONGWOOD,R9-CONDOMINIUM,300,2005,279904,4265737,15.24,1976122,7.06,2289615,15729000,56.19,2-02749-0063,973 ALDUS STREET,MORRISANIA/LONGWOOD,D1-ELEVATOR,22,1920,13980,224933,16.09,114725,8.21,110208,751000,53.72,0.15,2-02743-0019,1054 SOUTHERN BOULEVARD,MORRISANIA/LONGWOOD,D7-ELEVATOR,59,1910,63608,969157,15.24,449149,7.06,520008,3572000,56.16,0.14,2-02735-0005,916 SOUTHERN BOULEVARD,MORRISANIA/LONGWOOD,D7-ELEVATOR,38,1911,"50,030","759,513",15.18,"448,082",8.96,"311,431","2,140,000",42.77,0.17
2-02748-7501,0046-R1,1010 FAILE STREET,MORRISANIA/LONGWOOD,R2-CONDOMINIUM,78,1930,93600,1076400,11.5,698256,7.46,378144,2426009,25.92,2-02743-0019,1054 SOUTHERN BOULEVARD,MORRISANIA/LONGWOOD,D7-ELEVATOR,59,1910,63608,969157,15.24,449149,7.06,520008,3572000,56.16,0.06,2-02751-0022,1107 BRYANT AVENUE,MORRISANIA/LONGWOOD,D5-ELEVATOR,97,1923,88463,1238859,14,644239,7.28,594620,2838000,32.08,0.13,, , , , , , , , , , , , , , 
2-02931-7501,0096-R1,1349 FRANKLIN AVENUE,MORRISANIA/LONGWOOD,R2-CONDOMINIUM,16,2007,18300,272121,14.87,141068,7.71,131053,906000,49.51,2-02963-0012,798 EAST 170 STREET,MORRISANIA/LONGWOOD,C7-WALK-UP,21,1904,16949,220898,13.03,139769,8.25,81129,540000,31.86,0.32,2-03357-0001,405 EAST 204 STREET,BRONX PARK,C7-WALK-UP,20,1911,17000,331353,19.49,171789,10.11,159564,1144000,67.29,3.21,, , , , , , , , , , , , , , 
2-02934-7501,0086-R1,1317 BOSTON ROAD,MORRISANIA/LONGWOOD,R2-CONDOMINIUM,10,2005,12319,143640,11.66,82205,6.67,61435,394000,31.98,2-02968-0028,801 FREEMAN STREET,MORRISANIA/LONGWOOD,C7-WALK-UP,12,1931,11335,127084,11.21,79552,7.02,47532,306000,27,0.14,2-02690-0105,954 PROSPECT AVENUE,MORRISANIA/LONGWOOD,C4-WALK-UP,12,1904,12495,181224,14.5,103718,8.3,77506,378000,30.25,0.66,, , , , , , , , , , , , , , 
2-02980-7501,0087-R1,1308 SOUTHERN BOULEVARD,MORRISANIA/LONGWOOD,R2-CONDOMINIUM,12,2005,10816,151100,13.97,83067,7.68,68033,448000,41.42,2-04578-0014,3034 HONE AVENUE,BRONXDALE,C1-WALK-UP,12,1927,11760,128174,10.9,73868,6.28,54306,336000,28.57,3.2,2-02690-0105,954 PROSPECT AVENUE,MORRISANIA/LONGWOOD,C4-WALK-UP,12,1904,12495,181224,14.5,103718,8.3,77506,378000,30.25,0.75,, , , , , , , , , , , , , , 
2-02985-7501,0125-R1,1926 CROTONA PARKWAY,EAST TREMONT,RR-CONDOMINIUM,98,2007,98608,1943564,19.71,874604,8.87,1068960,7652000,77.6,2-02816-0066,1305 MORRIS AVENUE,MELROSE/CONCOURSE,D1-ELEVATOR,73,2003,38212,755069,19.76,339705,8.89,415364,2973000,77.8,1.5,2-03124-0001,883 EAST 180 STREET,EAST TREMONT,D1-ELEVATOR,196,1979,181093,3145885,17.37,1437121,7.94,1708764,9702000,53.57,0.28,2-03125-0001,901 EAST 180 STREET,EAST TREMONT,D7-ELEVATOR,76,1930,"73,824","1,455,324",19.71,"708,848",9.60,"746,476","5,344,000",72.39,0.28
2-03083-7501,0090-R1,2135 CROTONA AVENUE,EAST TREMONT,R2-CONDOMINIUM,16,2006,14200,268948,18.94,127800,9,141148,1012999,71.34,2-04965-0018,3910 HARPER AVENUE,BAYCHESTER,C9-WALK-UP,46,1975,27733,609546,21.98,271779,9.8,337767,1320000,47.6,3.96,2-04107-0017,1651 WILLIAMSBRIDGE ROAD,MORRIS PARK/VAN NEST,C9-WALK-UP,24,1963,15200,268220,17.65,124837,8.21,143383,1034000,68.03,1.94,, , , , , , , , , , , , , , 
2-03103-7501,0110-R1,2324 BEAUMONT AVENUE,BELMONT,R2-CONDOMINIUM,40,2007,48750,812175,16.66,431925,8.86,380250,2752000,56.45,2-02282-0045,211 BROWN PLACE,MOTT HAVEN/PORT MORRIS,C9-WALK-UP,20,1974,21318,369578,17.34,203253,9.53,166325,1074000,50.38,3.65,2-03103-0003,2302 BEAUMONT AVENUE,BELMONT,C1-WALK-UP,13,1931,12325,196981,15.98,100788,8.18,96193,656000,53.23,0,, , , , , , , , , , , , , , 
2-03125-7501,0104-R1,2155 DALY AVENUE,EAST TREMONT,R4-CONDOMINIUM,12,2007,14664,254714,17.37,116432,7.94,138282,998001,68.06,2-03125-0001,901 EAST 180 STREET,EAST TREMONT,D7-ELEVATOR,76,1930,73824,1455324,19.71,708848,9.6,746476,5344000,72.39,0.06,2-03124-0001,883 EAST 180 STREET,EAST TREMONT,D1-ELEVATOR,196,1979,181093,3145885,17.37,1437121,7.94,1708764,9702000,53.57,0.08,2-03128-0013,934 EAST 181 STREET,EAST TREMONT,D1-ELEVATOR,40,1931,"33,996","584,493",17.19,"315,271",9.27,"269,222","1,725,000",50.74,0.09
2-03206-7501,0071-R1,57 WEST BURNSIDE AVENUE,KINGSBRIDGE HTS/UNIV HTS,RR-CONDOMINIUM,69,2008,53311,556034,10.43,351319,6.59,204715,1272000,23.86,2-03194-0031,2151 DAVIDSON AVENUE,KINGSBRIDGE HTS/UNIV HTS,D7-ELEVATOR,48,1926,34950,375850,10.75,220846,6.32,155004,916000,26.21,0.11,2-02854-0056,2025 WALTON AVENUE,MOUNT HOPE/MOUNT EDEN,D1-ELEVATOR,65,1951,57000,599940,10.53,390965,6.86,208975,1298000,22.77,0.15,, , , , , , , , , , , , , , 
2-03249-7501,0100-R1,2792 SEDGWICK AVENUE,KINGSBRIDGE/JEROME PARK,R2-CONDOMINIUM,40,2006,48023,701136,14.6,361133,7.52,340003,2349991,48.93,2-03321-0067,3043 VILLA AVENUE,BEDFORD PARK/NORWOOD,C7-WALK-UP,48,1925,46585,755143,16.21,362431,7.78,392712,2674000,57.4,0.71,2-02720-0063,784 FOX STREET,MORRISANIA/LONGWOOD,D1-ELEVATOR,40,1924,37000,505519,13.66,303856,8.21,201663,1199000,32.41,3.83,, , , , , , , , , , , , , , 
2-03256-7501,0117-R1,189 WEST KINGSBRIDGE ROAD,KINGSBRIDGE/JEROME PARK,R2-CONDOMINIUM,12,2008,19603,266601,13.6,118051,6.02,148550,984000,50.2,2-03262-0106,3479 FT INDEPENDENCE STRE,KINGSBRIDGE/JEROME PARK,D1-ELEVATOR,27,2006,26632,382436,14.36,256732,9.64,125704,496000,18.62,0.72,2-03262-0103,FT INDEPENDENCE STREET,KINGSBRIDGE/JEROME PARK,D1-ELEVATOR,27,2006,26632,341955,12.84,197376,7.41,144579,471000,17.69,0.72,, , , , , , , , , , , , , , 
2-03261-7501,0081-R1,3097 HEATH AVENUE,KINGSBRIDGE/JEROME PARK,R2-CONDOMINIUM,16,2006,21861,340813,15.59,184107,8.42,156706,1074000,49.13,2-03348-0081,315 EAST 209 STREET,BEDFORD PARK/NORWOOD,C1-WALK-UP,23,1926,18450,236345,12.81,127674,6.92,108671,524000,28.4,1.37,2-04847-0039,800 EAST 223 STREET,WILLIAMSBRIDGE,C1-WALK-UP,23,1927,18850,293830,15.59,170170,9.03,123660,847000,44.93,2.27,, , , , , , , , , , , , , , 
2-03311-7501,0034-R1,3130 GRAND CONCOURSE,BEDFORD PARK/NORWOOD,R9-CONDOMINIUM,110,1968,79920,925474,11.58,403596,5.05,521878,2981000,37.3,2-03308-0051,253 EAST 202 STREET,BEDFORD PARK/NORWOOD,D1-ELEVATOR,101,1965,101050,1169817,11.58,510089,5.05,659728,3223000,31.9,0.12,2-03307-0072,3010 GRAND CONCOURSE,BEDFORD PARK/NORWOOD,D7-ELEVATOR,96,1963,106146,1219700,11.49,565101,5.32,654599,4201000,39.58,0.15,2-03311-0072,3175 GRAND CONCOURSE,BEDFORD PARK/NORWOOD,D1-ELEVATOR,68,1930,"64,876","775,268",11.95,"419,099",6.46,"356,169","1,529,000",23.57,0.15
2-03318-7501,0048-R1,2805 CRESTON AVENUE,BEDFORD PARK/NORWOOD,R2-CONDOMINIUM,18,1993,16638,199323,11.98,97000,5.83,102323,651996,39.19,2-03283-0025,2732 MARION AVENUE,BEDFORD PARK/NORWOOD,D1-ELEVATOR,33,2007,33947,406602,11.98,198000,5.83,208602,937000,27.6,0.39,2-03301-0050,2840 VALENTINE AVENUE,BEDFORD PARK/NORWOOD,C7-WALK-UP,16,1913,12393,156400,12.62,86007,6.94,70393,471000,38.01,0.2,2-03297-0049,2925 BRIGGS AVENUE,BEDFORD PARK/NORWOOD,D1-ELEVATOR,35,1959,"32,480","361,158",11.12,"172,847",5.32,"188,311","988,000",30.42,0.34
2-03432-7501,0033-R1,228 NEPTUNE COURT,SOUNDVIEW,R2-CONDOMINIUM,40,1989,47376,620152,13.09,282835,5.97,337317,2244000,47.37,2-03807-0048,2165 CHATTERTON AVENUE,CASTLE HILL/UNIONPORT,D7-ELEVATOR,81,1929,88184,1183429,13.42,615524,6.98,567905,3763000,42.67,1.46,2-03801-0001,2010 POWELL AVENUE,CASTLE HILL/UNIONPORT,D1-ELEVATOR,91,1929,74890,980263,13.09,447288,5.97,532975,2805000,37.45,1.58,2-03681-0001,2001 STORY AVENUE,CASTLE HILL/UNIONPORT,D3-ELEVATOR,355,1973,"421,833","5,268,694",12.49,"2,897,993",6.87,"2,370,701","15,895,000",37.68,1.24
2-03432-7501,0033-R2,101 FLEET COURT,SOUNDVIEW,R2-CONDOMINIUM,10,1989,11912,146279,12.28,78024,6.55,68255,433000,36.35,2-03801-0001,2010 POWELL AVENUE,CASTLE HILL/UNIONPORT,D1-ELEVATOR,91,1929,74890,980263,13.09,447288,5.97,532975,2805000,37.45,1.58,2-03793-0039,1990 ELLIS AVENUE,CASTLE HILL/UNIONPORT,D7-ELEVATOR,85,1929,76000,916326,12.06,500946,6.59,415380,2387000,31.41,1.67,, , , , , , , , , , , , , , 
2-03432-7501,0033-R3,124 NEPTUNE LANE,SOUNDVIEW,R2-CONDOMINIUM,14,1989,15972,196136,12.28,104617,6.55,91519,552000,34.56,2-03801-0001,2010 POWELL AVENUE,CASTLE HILL/UNIONPORT,D1-ELEVATOR,91,1929,74890,980263,13.09,447288,5.97,532975,2805000,37.45,1.58,2-03793-0039,1990 ELLIS AVENUE,CASTLE HILL/UNIONPORT,D7-ELEVATOR,85,1929,76000,916326,12.06,500946,6.59,415380,2387000,31.41,1.67,, , , , , , , , , , , , , , 
2-03432-7501,0033-R4,232 FLEET COURT,SOUNDVIEW,R2-CONDOMINIUM,18,1989,22199,290585,13.09,132528,5.97,158057,1052003,47.39,2-03715-0030,1056 BOYNTON AVENUE,SOUNDVIEW,D7-ELEVATOR,79,1939,70500,998079,14.16,401055,5.69,597024,4141000,58.74,1.73,2-03801-0001,2010 POWELL AVENUE,CASTLE HILL/UNIONPORT,D1-ELEVATOR,91,1929,74890,980263,13.09,447288,5.97,532975,2805000,37.45,1.58,2-03716-0036,1065 MANOR AVENUE,SOUNDVIEW,D7-ELEVATOR,44,1930,"48,000","544,690",11.35,"275,408",5.74,"269,282","1,551,000",32.31,1.70
2-03432-7501,0033-R5,201 SUNSET BOULEVARD,SOUNDVIEW,R2-CONDOMINIUM,18,1989,20304,265779,13.09,121215,5.97,144564,962000,47.38,2-03715-0030,1056 BOYNTON AVENUE,SOUNDVIEW,D7-ELEVATOR,79,1939,70500,998079,14.16,401055,5.69,597024,4141000,58.74,1.73,2-03801-0001,2010 POWELL AVENUE,CASTLE HILL/UNIONPORT,D1-ELEVATOR,91,1929,74890,980263,13.09,447288,5.97,532975,2805000,37.45,1.58,2-03716-0036,1065 MANOR AVENUE,SOUNDVIEW,D7-ELEVATOR,44,1930,"48,000","544,690",11.35,"275,408",5.74,"269,282","1,551,000",32.31,1.70
2-03432-7501,0033-R6,301 ADMIRAL LANE,SOUNDVIEW,R2-CONDOMINIUM,28,1989,34516,451814,13.09,206061,5.97,245753,1635001,47.37,2-03715-0030,1056 BOYNTON AVENUE,SOUNDVIEW,D7-ELEVATOR,79,1939,70500,998079,14.16,401055,5.69,597024,4141000,58.74,1.73,2-03801-0001,2010 POWELL AVENUE,CASTLE HILL/UNIONPORT,D1-ELEVATOR,91,1929,74890,980263,13.09,447288,5.97,532975,2805000,37.45,1.58,2-03716-0036,1065 MANOR AVENUE,SOUNDVIEW,D7-ELEVATOR,44,1930,"48,000","544,690",11.35,"275,408",5.74,"269,282","1,551,000",32.31,1.70
2-03929-7501,0023-R1,99 METROPOLITAN OVAL,PARKCHESTER,R4-CONDOMINIUM,128,1933,109764,1312777,11.96,707978,6.45,604799,3854008,35.11,2-03936-0001,1366 WHITE PLAINS ROAD,PARKCHESTER,D1-ELEVATOR,61,1929,56178,659820,11.75,286553,5.1,373267,1661000,29.57,0.08,2-03767-0082,1221 WHITE PLAINS ROAD,SOUNDVIEW,D7-ELEVATOR,109,1928,97000,1160120,11.96,626620,6.46,533500,3014000,31.07,0.19,2-03793-0039,1990 ELLIS AVENUE,CASTLE HILL/UNIONPORT,D7-ELEVATOR,85,1929,"76,000","916,326",12.06,"500,946",6.59,"415,380","2,387,000",31.41,0.23
2-03929-7501,0023-R2,1469 WEST AVENUE,BRONX-UNKNOWN,R4-CONDOMINIUM,2121,1933,1867373,20839883,11.16,12081903,6.47,8757980,56470051,30.24,2-03936-0001,1366 WHITE PLAINS ROAD,PARKCHESTER,D1-ELEVATOR,61,1929,56178,659820,11.75,286553,5.1,373267,1661000,29.57,0.17,2-03925-0018,1565 THIERIOT AVENUE,PARKCHESTER,D1-ELEVATOR,120,1930,130500,1455886,11.16,596640,4.57,859246,4004000,30.68,0.27,2-03925-0025,1564 TAYLOR AVENUE,PARKCHESTER,D1-ELEVATOR,54,1930,"54,000","576,807",10.68,"373,925",6.92,"202,882","1,258,000",23.30,0.27
2-03929-7501,0023-R3,1925 MC GRAW AVENUE,BRONX-UNKNOWN,R4-CONDOMINIUM,2659,1933,2723821,33039949,12.13,18521983,6.8,14517966,92312132,33.89,2-03936-0001,1366 WHITE PLAINS ROAD,PARKCHESTER,D1-ELEVATOR,61,1929,56178,659820,11.75,286553,5.1,373267,1661000,29.57,0.22,2-03947-0040,2145 STARLING AVENUE,PARKCHESTER,D6-ELEVATOR,103,1928,93000,1128296,12.13,632698,6.8,495598,3003000,32.29,0.24,2-03947-0001,2141 STARLING AVENUE,PARKCHESTER,D6-ELEVATOR,102,1928,"93,000","1,148,540",12.35,"632,698",6.80,"515,842","3,268,000",35.14,0.24
2-03929-7501,0023-R4,14 METROPOLITAN OVAL,PARKCHESTER,R4-CONDOMINIUM,3378,1933,3364977,37553143,11.16,21771401,6.47,15781742,101759123,30.24,2-03998-0010,1776 CASTLE HILL AVENUE,WESTCHESTER,D1-ELEVATOR,85,1936,78000,914949,11.73,514952,6.6,399997,2558000,32.79,0.34,2-03925-0018,1565 THIERIOT AVENUE,PARKCHESTER,D1-ELEVATOR,120,1930,130500,1455886,11.16,596640,4.57,859246,4004000,30.68,0.38,2-03925-0025,1564 TAYLOR AVENUE,PARKCHESTER,D1-ELEVATOR,54,1930,"54,000","576,807",10.68,"373,925",6.92,"202,882","1,258,000",23.30,0.38
2-04174-7501,0066-R1,1600 PARKVIEW AVENUE,SCHUYLERVILLE/PELHAM BAY,R4-CONDOMINIUM,21,2003,16688,220615,13.22,95789,5.74,124826,829001,49.68,2-04172-0007,3070 ROBERTS AVENUE,SCHUYLERVILLE/PELHAM BAY,D1-ELEVATOR,43,1929,46494,453917,9.76,235580,5.07,218337,1221000,26.26,0.09,2-04178-0005,3565 BRUCKNER BOULEVARD,SCHUYLERVILLE/PELHAM BAY,D1-ELEVATOR,49,1931,38250,528092,13.81,253759,6.63,274333,1809000,47.29,0.12,2-04178-0010,3555 BRUCKNER BOULEVARD,SCHUYLERVILLE/PELHAM BAY,D3-ELEVATOR,142,1960,"112,000","1,480,347",13.22,"642,987",5.74,"837,360","4,411,000",39.38,0.12
2-04284-7501,0070-R1,2040 WHITE PLAINS ROAD,MORRIS PARK/VAN NEST,R9-CONDOMINIUM,100,2005,108100,865881,8.01,372945,3.45,492936,2908000,26.9,2-04325-0001,2155 PAULDING AVENUE,PELHAM PARKWAY SOUTH,D1-ELEVATOR,63,1954,81710,672473,8.23,389757,4.77,282716,1518000,18.58,0.42,2-04337-0064,620 REISS PLACE,BRONXDALE,D1-ELEVATOR,74,1959,86527,727680,8.41,397257,4.59,330423,1650000,19.07,0.46,2-04338-0012,660 THWAITES PLACE,BRONXDALE,D1-ELEVATOR,108,1954,"137,350","1,123,523",8.18,"741,690",5.40,"381,833","2,249,000",16.37,0.48
2-04307-7501,0027-R1,1144 LYDIG AVENUE,PELHAM PARKWAY SOUTH,R4-CONDOMINIUM,48,1964,56000,636720,11.37,370720,6.62,266000,1710999,30.55,2-04274-0064,1960 WILLIAMSBRIDGE ROAD,MORRIS PARK/VAN NEST,D7-ELEVATOR,62,1961,71500,879792,12.3,461008,6.45,418784,2655000,37.13,0.13,2-04365-0064,1135 PELHAM PARKWAY NORTH,PELHAM PARKWAY NORTH,D1-ELEVATOR,53,1955,57000,587844,10.31,320772,5.63,267072,1662000,29.16,0.29,2-04323-0035,2196 MATTHEWS AVENUE,PELHAM PARKWAY SOUTH,D1-ELEVATOR,42,1940,"34,518","426,526",12.36,"261,394",7.57,"165,132","1,046,000",30.30,0.41
2-04340-7501,0014-R1,610 WARING AVENUE,BRONXDALE,R4-CONDOMINIUM,122,1960,116200,930762,8.01,400890,3.45,529872,3126006,26.9,2-04338-0012,660 THWAITES PLACE,BRONXDALE,D1-ELEVATOR,108,1954,137350,1123523,8.18,741690,5.4,381833,2249000,16.37,0.14,2-04340-0025,2320 BRONX PARK EAST,BRONXDALE,D1-ELEVATOR,66,1928,77418,664499,8.58,398818,5.15,265681,1518000,19.61,0,2-04337-0064,620 REISS PLACE,BRONXDALE,D1-ELEVATOR,74,1959,"86,527","727,680",8.41,"397,257",4.59,"330,423","1,650,000",19.07,0.16
2-04340-7502,0017-R1,2385 BARKER AVENUE,BRONXDALE,R4-CONDOMINIUM,122,1960,127290,1019593,8.01,439151,3.45,580442,3424007,26.9,2-04338-0012,660 THWAITES PLACE,BRONXDALE,D1-ELEVATOR,108,1954,137350,1123523,8.18,741690,5.4,381833,2249000,16.37,0.14,2-04340-0025,2320 BRONX PARK EAST,BRONXDALE,D1-ELEVATOR,66,1928,77418,664499,8.58,398818,5.15,265681,1518000,19.61,0,2-04337-0064,620 REISS PLACE,BRONXDALE,D1-ELEVATOR,74,1959,"86,527","727,680",8.41,"397,257",4.59,"330,423","1,650,000",19.07,0.16
2-04545-7501,0091-R1,3035 WHITE PLAINS ROAD,BRONXDALE,R9-CONDOMINIUM,74,2007,85582,1100585,12.86,676954,7.91,423631,2827000,33.03,2-04594-0040,3225 OLINVILLE AVENUE,BRONXDALE,D1-ELEVATOR,55,1931,50748,624611,12.31,368695,7.27,255916,1622000,31.96,0.14,2-04594-0048,665 BURKE AVENUE,BRONXDALE,D7-ELEVATOR,63,1928,53016,662856,12.5,275088,5.19,387768,1694000,31.95,0.14,2-04570-0032,3039 WALLACE AVENUE,BRONXDALE,D1-ELEVATOR,60,1929,"52,980","772,759",14.59,"421,260",7.95,"351,499","1,903,000",35.92,0.16
2-04664-7501,0075-R1,720 EAST 217 STREET,WILLIAMSBRIDGE,R2-CONDOMINIUM,24,2006,19225,275879,14.35,151733,7.89,124146,861997,44.84,2-03973-0036,1405 ROWLAND STREET,WESTCHESTER,C1-WALK-UP,27,1927,22560,234947,10.41,111201,4.93,123746,597000,26.46,3.12,2-04847-0039,800 EAST 223 STREET,WILLIAMSBRIDGE,C1-WALK-UP,23,1927,18850,293830,15.59,170170,9.03,123660,847000,44.93,0.35,, , , , , , , , , , , , , , 
2-04668-7501,0076-R1,724 EAST 221 STREET,WILLIAMSBRIDGE,R2-CONDOMINIUM,24,2005,29320,404616,13.8,226544,7.73,178072,1175000,40.08,2-02722-0048,900 FOX STREET,MORRISANIA/LONGWOOD,D5-ELEVATOR,30,1922,31110,445519,14.32,290087,9.32,155432,1077000,34.62,4.79,2-05047-0006,4360 FURMAN AVENUE,WAKEFIELD,C1-WALK-UP,27,1931,26280,303058,11.53,169686,6.46,133372,852000,32.42,0.99,, , , , , , , , , , , , , , 
2-05529-7501,0083-R1,24 PENNYFIELD AVENUE,THROGS NECK,R2-CONDOMINIUM,15,2000,12624,187214,14.83,100361,7.95,86853,598999,47.45,2-02282-0045,211 BROWN PLACE,MOTT HAVEN/PORT MORRIS,C9-WALK-UP,20,1974,21318,369578,17.34,203253,9.53,166325,1074000,50.38,6.28,2-04199-0037,3100 ARNOW PLACE,SCHUYLERVILLE/PELHAM BAY,C9-WALK-UP,15,1964,11145,125478,11.26,40659,3.65,84819,393000,35.26,2.94,, , , , , , , , , , , , , , 
2-05529-7502,0082-R1,1 PENNYFIELD AVENUE,THROGS NECK,R2-CONDOMINIUM,45,1998,63738,890420,13.97,489508,7.68,400912,2638992,41.4,2-02282-0045,211 BROWN PLACE,MOTT HAVEN/PORT MORRIS,C9-WALK-UP,20,1974,21318,369578,17.34,203253,9.53,166325,1074000,50.38,6.28,2-02513-0044,1132 NELSON AVENUE,HIGHBRIDGE/MORRIS HEIGHTS,C9-WALK-UP,72,1983,67884,948132,13.97,521510,7.68,426622,2808000,41.36,6.68,2-04199-0037,3100 ARNOW PLACE,SCHUYLERVILLE/PELHAM BAY,C9-WALK-UP,15,1964,"11,145","125,478",11.26,"40,659",3.65,"84,819","393,000",35.26,2.94
2-05606-7502,0056-R1,195 BALCOM AVENUE,THROGS NECK,R2-CONDOMINIUM,20,1997,19080,318636,16.7,127454,6.68,191182,1379000,72.27,2-05606-0001,2631 SCHURZ AVENUE,THROGS NECK,C9-WALK-UP,79,1978,46832,895896,19.13,421020,8.99,474876,3407000,72.75,0.1,2-05430-0052,835 THROGS NECK EXPWY SR,THROGS NECK,C1-WALK-UP,14,1989,8792,125460,14.27,65270,7.42,60190,263000,29.91,1.27,, , , , , , , , , , , , , , 
2-05643-7501,0060-R1,190 FORDHAM STREET,CITY ISLAND,R2-CONDOMINIUM,16,1897,16605,218190,13.14,116235,7,101955,678001,40.83,2-02513-0044,1132 NELSON AVENUE,HIGHBRIDGE/MORRIS HEIGHTS,C9-WALK-UP,72,1983,67884,948132,13.97,521510,7.68,426622,2808000,41.36,7.48,2-04199-0037,3100 ARNOW PLACE,SCHUYLERVILLE/PELHAM BAY,C9-WALK-UP,15,1964,11145,125478,11.26,40659,3.65,84819,393000,35.26,2.44,, , , , , , , , , , , , , , 
2-05723-7501,0084-R1,2287 JOHNSON AVENUE,RIVERDALE,R4-CONDOMINIUM,73,1983,99590,1272760,12.78,508905,5.11,763855,4487975,45.06,2-05746-0567,2675 HENRY HUDSON PARKWAY,RIVERDALE,D1-ELEVATOR,78,1951,92782,1159771,12.5,480671,5.18,679100,3619000,39.01,0.2,2-05787-0137,3220 NETHERLAND AVENUE,RIVERDALE,D1-ELEVATOR,85,1954,100498,1312394,13.06,505762,5.03,806632,3795000,37.76,0.58,, , , , , , , , , , , , , , 
2-05725-7501,0011-R1,2600 HENRY HUDSON PARKWAY,RIVERDALE,R4-CONDOMINIUM,24,1941,35000,437500,12.5,181300,5.18,256200,1682998,48.09,2-05732-0924,2700 HENRY HUDSON PARKWAY,RIVERDALE,D1-ELEVATOR,78,1955,108955,1229714,11.29,539876,4.96,689838,3432000,31.5,0.09,2-05746-0567,2675 HENRY HUDSON PARKWAY,RIVERDALE,D1-ELEVATOR,78,1951,92782,1159771,12.5,480671,5.18,679100,3619000,39.01,0.11,2-05789-0024,3240 HENRY HUDSON PARKWAY,RIVERDALE,D1-ELEVATOR,108,1938,"163,197","2,199,230",13.48,"1,080,504",6.62,"1,118,726","7,409,000",45.40,0.37
2-05745-7501,0028-R1,2521 PALISADE AVENUE,RIVERDALE,R4-CONDOMINIUM,36,1986,62350,779375,12.5,322973,5.18,456402,2935290,47.08,2-05746-0567,2675 HENRY HUDSON PARKWAY,RIVERDALE,D1-ELEVATOR,78,1951,92782,1159771,12.5,480671,5.18,679100,3619000,39.01,0.2,2-05732-0924,2700 HENRY HUDSON PARKWAY,RIVERDALE,D1-ELEVATOR,78,1955,108955,1229714,11.29,539876,4.96,689838,3432000,31.5,0.31,2-05789-0024,3240 HENRY HUDSON PARKWAY,RIVERDALE,D1-ELEVATOR,108,1938,"163,197","2,199,230",13.48,"1,080,504",6.62,"1,118,726","7,409,000",45.40,0.49
2-05764-7501,0129-R1,460 WEST 236 STREET,KINGSBRIDGE/JEROME PARK,R4-CONDOMINIUM,53,2005,56512,1186752,21,534604,9.46,652148,4792003,84.8,2-03121-0038,906 EAST 178 STREET,EAST TREMONT,D1-ELEVATOR,35,2008,36596,776066,21.21,430956,11.78,345110,2280000,62.3,3.18,2-02816-0066,1305 MORRIS AVENUE,MELROSE/CONCOURSE,D1-ELEVATOR,73,2003,38212,755069,19.76,339705,8.89,415364,2973000,77.8,3.35,2-03091-0005,2490 BELMONT AVENUE,BELMONT,C1-WALK-UP,14,2006,"13,295","282,652",21.26,"130,025",9.78,"152,627","540,000",40.62,2.28
2-05771-7501,0041-R1,3636 FIELDSTON ROAD,RIVERDALE,R9-CONDOMINIUM,106,1962,132000,1792560,13.58,832920,6.31,959640,6349000,48.1,2-05791-0388,511 WEST 235 STREET,RIVERDALE,D7-ELEVATOR,55,1936,64000,890050,13.91,348839,5.45,541211,3565000,55.7,0.09,2-05796-0129,3660 OXFORD AVENUE,RIVERDALE,D3-ELEVATOR,77,1967,106934,1415876,13.24,765281,7.16,650595,4322000,40.42,0.12,, , , , , , , , , , , , , , 
2-05777-7501,0079-R1,3816 WALDO AVENUE,KINGSBRIDGE/JEROME PARK,R4-CONDOMINIUM,25,2004,55005,856978,15.58,384485,6.99,472493,3235992,58.83,2-05779-0810,3804 GREYSTONE AVENUE,RIVERDALE,D7-ELEVATOR,45,1927,42552,692789,16.28,224771,5.28,468018,3185000,74.85,0.07,2-03263-0104,3855 ORLOFF AVENUE,KINGSBRIDGE/JEROME PARK,D1-ELEVATOR,52,1964,45375,674935,14.87,394357,8.69,280578,1934000,42.62,0.43,, , , , , , , , , , , , , , 
2-05780-7501,0040-R1,3900 GREYSTONE AVENUE,RIVERDALE,R4-CONDOMINIUM,78,1928,95061,1258608,13.24,680637,7.16,577971,3531005,37.14,2-05796-0129,3660 OXFORD AVENUE,RIVERDALE,D3-ELEVATOR,77,1967,106934,1415876,13.24,765281,7.16,650595,4322000,40.42,0.24,2-05798-0077,545 WEST 236 STREET,RIVERDALE,D7-ELEVATOR,64,1939,90025,1137489,12.64,554033,6.15,583456,3531000,39.22,0.28,2-05773-0290,275 WEST 238 STREET,KINGSBRIDGE/JEROME PARK,D1-ELEVATOR,72,1937,"71,091","960,856",13.52,"532,931",7.50,"427,925","2,833,000",39.85,0.28
2-05787-7501,0030-R1,3240 NETHERLAND AVENUE,RIVERDALE,R4-CONDOMINIUM,15,1988,10108,202160,20,89456,8.85,112704,714999,70.74,2-05789-0024,3240 HENRY HUDSON PARKWAY,RIVERDALE,D1-ELEVATOR,108,1938,163197,2199230,13.48,1080504,6.62,1118726,7409000,45.4,0.11,2-05798-0101,3615 OXFORD AVENUE,RIVERDALE,C1-WALK-UP,15,1980,7550,174490,23.11,78802,10.44,95688,643000,85.17,0.2,, , , , , , , , , , , , , , 
2-05788-7501,0106-R1,3220 ARLINGTON AVENUE,RIVERDALE,R4-CONDOMINIUM,26,2004,105300,1616355,15.35,646542,6.14,969813,6153002,58.43,2-05903-0283,3611 HENRY HUDSON PARKWAY,RIVERDALE,D3-ELEVATOR,123,1951,134000,2080061,15.52,1045025,7.8,1035036,7091000,52.92,0.2,2-05920-0687,699 WEST 239 STREET,RIVERDALE,D1-ELEVATOR,132,1962,160000,2431079,15.19,1031689,6.45,1399390,8778000,54.86,0.43,, , , , , , , , , , , , , , 
2-05789-7501,0032-R1,3220 FAIRFIELD AVENUE,RIVERDALE,R4-CONDOMINIUM,32,1989,30743,454689,14.79,170931,5.56,283758,1660988,54.03,2-05920-0687,699 WEST 239 STREET,RIVERDALE,D1-ELEVATOR,132,1962,160000,2431079,15.19,1031689,6.45,1399390,8778000,54.86,0.4,2-05920-0670,3801 HUDSON MANOR TERRACE,RIVERDALE,D1-ELEVATOR,135,1960,152400,2299515,15.09,810013,5.32,1489502,7095000,46.56,0.4,, , , , , , , , , , , , , , 
2-05789-7502,0077-R1,3205 ARLINGTON AVENUE,RIVERDALE,R2-CONDOMINIUM,9,2006,9973,205344,20.59,109603,10.99,95741,689000,69.09,2-05798-0101,3615 OXFORD AVENUE,RIVERDALE,C1-WALK-UP,15,1980,7550,174490,23.11,78802,10.44,95688,643000,85.17,0.24,2-05786-0240,3205 OXFORD AVENUE,RIVERDALE,C1-WALK-UP,12,1985,6260,113056,18.06,54212,8.66,58844,424000,67.73,0.16,, , , , , , , , , , , , , , 
2-05791-7501,0095-R1,3536 CAMBRIDGE AVENUE,RIVERDALE,R4-CONDOMINIUM,31,2005,52918,1124508,21.25,500604,9.46,623904,4274000,80.77,2-05779-0810,3804 GREYSTONE AVENUE,RIVERDALE,D7-ELEVATOR,45,1927,42552,692789,16.28,224771,5.28,468018,3185000,74.85,0.21,2-05798-0101,3615 OXFORD AVENUE,RIVERDALE,C1-WALK-UP,15,1980,7550,174490,23.11,78802,10.44,95688,643000,85.17,0.14,2-03121-0038,906 EAST 178 STREET,EAST TREMONT,D1-ELEVATOR,35,2008,"36,596","776,066",21.21,"430,956",11.78,"345,110","2,280,000",62.30,3.22
2-05798-7501,0062-R1,3614 JOHNSON AVENUE,RIVERDALE,R4-CONDOMINIUM,15,2002,14969,288153,19.25,133224,8.9,154929,1060999,70.88,2-03121-0038,906 EAST 178 STREET,EAST TREMONT,D1-ELEVATOR,35,2008,36596,776066,21.21,430956,11.78,345110,2280000,62.3,3.35,2-05798-0101,3615 OXFORD AVENUE,RIVERDALE,C1-WALK-UP,15,1980,7550,174490,23.11,78802,10.44,95688,643000,85.17,0,2-05779-0810,3804 GREYSTONE AVENUE,RIVERDALE,D7-ELEVATOR,45,1927,"42,552","692,789",16.28,"224,771",5.28,"468,018","3,185,000",74.85,0.24
2-05798-7502,0067-R1,3625 OXFORD AVENUE,RIVERDALE,R4-CONDOMINIUM,23,2005,40468,610662,15.09,302296,7.47,308366,2117000,52.31,2-05907-0348,3725 BLACKSTONE AVENUE,RIVERDALE,D1-ELEVATOR,42,1968,41803,630807,15.09,222392,5.32,408415,2453000,58.68,0.21,2-05716-0287,2475 PALISADE AVENUE,RIVERDALE,D1-ELEVATOR,25,1932,31098,565690,18.19,214887,6.91,350803,1925000,61.9,0.89,2-05796-0121,518 TULFAN TERRACE,RIVERDALE,D1-ELEVATOR,31,2005,"52,870","707,929",13.39,"309,290",5.85,"398,639","1,947,000",36.83,0.05
2-05857-7501,0019-R1,5775 MOSHOLU AVENUE,RIVERDALE,R4-CONDOMINIUM,68,1962,71146,928455,13.05,443240,6.23,485215,3232002,45.43,2-05814-1155,210 WEST 251 STREET,FIELDSTON,D1-ELEVATOR,70,1960,75000,999460,13.33,371959,4.96,627501,3476000,46.35,0.82,2-05909-0163,3950 BLACKSTONE AVENUE,RIVERDALE,D1-ELEVATOR,176,1959,237000,3092924,13.05,1477491,6.23,1615433,10760000,45.4,1.18,2-05950-0429,5530 NETHERLAND AVENUE,RIVERDALE,D1-ELEVATOR,270,1948,"235,467","3,060,447",13.00,"1,619,950",6.88,"1,440,497","9,207,000",39.10,0.50
2-05904-7501,0063-R1,3800 BLACKSTONE AVENUE,RIVERDALE,R4-CONDOMINIUM,12,2004,20280,283920,14,116610,5.75,167310,1100999,54.29,2-05784-0340,500 WEST 235 STREET,KINGSBRIDGE/JEROME PARK,D1-ELEVATOR,87,1954,92600,1304480,14.09,560265,6.05,744215,4268000,46.09,0.34,2-05791-0388,511 WEST 235 STREET,RIVERDALE,D7-ELEVATOR,55,1936,64000,890050,13.91,348839,5.45,541211,3565000,55.7,0.28,, , , , , , , , , , , , , , 
2-05906-7501,0139-R1,628 WEST 238 STREET,RIVERDALE,R4-CONDOMINIUM,11,2004,25166,528486,21,237819,9.45,290667,1882090,74.79,2-03121-0038,906 EAST 178 STREET,EAST TREMONT,D1-ELEVATOR,35,2008,36596,776066,21.21,430956,11.78,345110,2280000,62.3,3.51,2-02816-0066,1305 MORRIS AVENUE,MELROSE/CONCOURSE,D1-ELEVATOR,73,2003,38212,755069,19.76,339705,8.89,415364,2973000,77.8,3.57,2-03091-0005,2490 BELMONT AVENUE,BELMONT,C1-WALK-UP,14,2006,"13,295","282,652",21.26,"130,025",9.78,"152,627","540,000",40.62,2.63
2-05923-7501,0006-R1,4455 DOUGLAS AVENUE,RIVERDALE,R4-CONDOMINIUM,177,1955,292370,4958595,16.96,2268791,7.76,2689804,19449005,66.52,2-05716-0287,2475 PALISADE AVENUE,RIVERDALE,D1-ELEVATOR,25,1932,31098,565690,18.19,214887,6.91,350803,1925000,61.9,0.9,2-05723-0100,500 KAPPOCK STREET,RIVERDALE,D1-ELEVATOR,82,1950,59142,1003211,16.96,458925,7.76,544286,3936000,66.55,0.87,2-05706-0001,3104 KINGSBRIDGE AVENUE,KINGSBRIDGE/JEROME PARK,C7-WALK-UP,70,1926,"68,605","959,299",13.98,"547,670",7.98,"411,629","2,709,000",39.49,0.95
2-05944-7501,0038-R1,4961 HENRY HUDSON PARKWAY,RIVERDALE,R2-CONDOMINIUM,12,1940,15934,211763,13.29,96560,6.06,115203,764509,47.98,2-05907-0352,3800 INDEPENDENCE AVENUE,RIVERDALE,D1-ELEVATOR,72,1970,84925,1137030,13.39,497219,5.85,639811,3718000,43.78,0.64,2-05909-0163,3950 BLACKSTONE AVENUE,RIVERDALE,D1-ELEVATOR,176,1959,237000,3092924,13.05,1477491,6.23,1615433,10760000,45.4,0.47,, , , , , , , , , , , , , , 
