TYPE,FUNDING AGENCY,BOROUGH,PROGRAM TYPE,COUNT AS,DEVELOPMENT,ADDRESS,CITY,STATE,ZIP,TELEPHONE,SPONSOR,DIRECTOR,MONTH,YEAR
NYCHA,,Bronx,Closed,Pending,1162-1176 'Washington Ave.,1162 Washington Avenue,Bronx,NY,10456,,NYCHA,,February,2013
NYCHA,,Bronx,Closed,Vacant,Adams,755 East 152nd Street,Bronx,NY,10455,,NYCHA,,February,2013
NYCHA,,Bronx,Closed,Vacant,Bronx River,1625 East 174th Street,Bronx,NY,10472,,NYCHA,,February,2013
NYCHA,,Bronx,Closed,Vacant,Bronx River Add,1350 Manor Avenue,Bronx,NY,10472,,NYCHA,,February,2013
NYCHA,,Bronx,Closed,Vacant,Butler,1450 Webster Avenue,Bronx,NY,10456,,NYCHA,,February,2013
NYCHA,,Bronx,Closed,Vacant,Edenwald,1135 229th Dr South,Bronx,NY,10466,,NYCHA,,February,2013
NYCHA,,Bronx,Closed,Vacant,Edenwald,1141 East 229th Street,Bronx,NY,10466,,NYCHA,,February,2013
NYCHA,,Bronx,Closed,Vacant,Forest,1005 Tinton Avenue,Bronx,NY,10456,,NYCHA,,February,2013
NYCHA,,Bronx,Closed,Vacant,Gun Hill,744 Gunhill Road,Bronx,NY,10467,,NYCHA,,February,2013
NYCHA,,Bronx,Closed,Vacant,Gun Hill,3450 White Plains Road,Bronx,NY,10467,,NYCHA,,February,2013
NYCHA,,Bronx,Closed,Vacant,Marble Hill,5480 Broadway,Bronx,NY,10463,,NYCHA,,February,2013
NYCHA,,Bronx,Closed,Vacant,Melrose,731 Courtlandt Avenue,Bronx,NY,10451,,NYCHA,,February,2013
NYCHA,,Bronx,Closed,Vacant,Mitchel,185 Willis Avenue,Bronx,NY,10454,,NYCHA,,February,2013
NYCHA,,Bronx,Closed,Vacant,Monroe,816 Soundview Avenue,Bronx,NY,10473,,NYCHA,,February,2013
NYCHA,,Bronx,Closed,Consolidated,Sack-Wern,710 Noble Avenue,Bronx,NY,10473,,NYCHA,,February,2013
NYCHA,,Bronx,Closed,Vacant,Throggs Neck,475 Swinton Avenue,Bronx,NY,10465,,NYCHA,,February,2013
NYCHA,,Bronx,Closed,Vacant,University Ave,1705 Andrews Avenue,Bronx,NY,10453,,NYCHA,,February,2013
NYCHA,,Bronx,Closed,Consolidated,University Ave,1925 University Avenue,Bronx,NY,10453,,NYCHA,,February,2013
NYCHA,,Bronx,Closed,Vacant,Webster,421 East 168th Street,Bronx,NY,10456,,NYCHA,,February,2013
NYCHA,,Bronx,Closed,Vacant,West Tremont,228 West Tremont Avenue,Bronx,NY,10453,,NYCHA,,February,2013
NYCHA,,Bronx,Community Center,Community Center,Boston Secor,3540 Bivona Street,Bronx,NY,10475,(718) 671-1040,NYCHA,Annjeanette Woods,February,2013
NYCHA,,Bronx,Community Center,Community Center,Butler,1368 Webster Avenue,Bronx,NY,10456,(718) 410-5050,NYCHA,Fernando Laspina,February,2013
NYCHA,,Bronx,Community Center,Community Center,Davidson,1221 Prospect Avenue,Bronx,NY,10459,(718) 328-9078,NYCHA,Ronald Parker,February,2013
NYCHA,,Bronx,Community Center,Community Center,Ft Independence,3350 Bailey Avenue,Bronx,NY,10463,(718) 884-7050,NYCHA,Vargos Miosotis,February,2013
NYCHA,,Bronx,Community Center,Community Center,Gun Hill,745 Magenta Street,Bronx,NY,10467,(718) 324-1807,NYCHA,Sharmin Gray,February,2013
NYCHA,,Bronx,Community Center,Community Center,Highbridge Grdns,1155 University Avenue,Bronx,NY,10452,(718) 992-7797,NYCHA,Luis Poveda,February,2013
NYCHA,,Bronx,Community Center,Community Center,Justice Sonia Sotomayor,1000 Rosedale Avenue,Bronx,NY,10472,(718) 378-6071,NYCHA,John Conyer,February,2013
NYCHA,,Bronx,Community Center,Community Center,Marble Hill,5365 Broadway,Bronx,NY,10463,(718) 562-8560,NYCHA,Warren Zorilla,February,2013
NYCHA,,Bronx,Community Center,Community Center,Melrose,286 East 156th Street,Bronx,NY,10451,(718) 665-7093,NYCHA,Kevin Ervin,February,2013
NYCHA,,Bronx,Community Center,Community Center,Monroe,1780 Story Avenue,Bronx,NY,10473,(718) 842-6020,NYCHA,Lucienne Sylvester,February,2013
NYCHA,,Bronx,Community Center,Community Center,Monterey/Twin Parks,2100 Monterey Avenue,Bronx,NY,10457,(718) 367-6689,NYCHA,Edwin Guzman,February,2013
NYCHA,,Bronx,Community Center,Community Center,Murphy,601 Crotona Park North,Bronx,NY,10457,(718) 466-6724,NYCHA,Dixon Troy,February,2013
NYCHA,,Bronx,Community Center,Community Center,Parkside,2972 Bronx Park East,Bronx,NY,10467,(718) 882-0787,NYCHA,Eva Muriel,February,2013
NYCHA,,Bronx,Community Center,Community Center,Pelham Parkway,785 Pelham Pkway N,Bronx,NY,10467,(718) 547-5929,NYCHA,Allen Rosa,February,2013
NYCHA,,Bronx,Community Center,Community Center,Sedgwick,1553 University Avenue,Bronx,NY,10453,(718) 731-2600,NYCHA,Marilyn Patterson,February,2013
NYCHA,,Bronx,Community Center,Community Center,St. Mary's Park,595 Trinity Avenue,Bronx,NY,10455,(718) 665-7610,NYCHA,Trini Jones,February,2013
NYCHA,,Bronx,Office Space,Misc.,West Tremont,228 West Tremont Avenue,Bronx,NY,10453,(718) 409-8647,NYCHA,Marilyn Goulboume,February,2013
NYCHA,,Bronx,Senior Center,Senior Center,Ft Independence,3350 Bailey Avenue,Bronx,NY,10463,(718) 796-2950,NYCHA,Carolyn Carter,February,2013
NYCHA,,Bronx,Senior Center,Senior Center,Highbridge Grdns,1145 University Avenue,Bronx,NY,10452,(718) 681-8251,NYCHA,Gloria Waters,February,2013
NYCHA,,Bronx,Senior Center,Senior Center,Morrisania Air Rights,3135 Park Avenue,Bronx,NY,10451,(718) 992-2528,NYCHA,Michelle Hawkins,February,2013
NYCHA,,Bronx,Senior Center,Senior Center,Pelham Parkway,975 Waring Avenue,Bronx,NY,10469,(718) 881-1758,NYCHA,Arthur Childs,February,2013
NYCHA,,Bronx,Senior Center,Senior Center,Sedgwick,1553 University Avenue,Bronx,NY,10453,(718) 901-5014,NYCHA,Kathleen Fitzpatrick,February,2013
NYCHA,,Bronx,Senior Center,Senior Center,Soundview,1674 Seward Avenue,Bronx,NY,10473,(718) 328-1809,NYCHA,Dennis Kandell,February,2013
NYCHA,,Bronx,Storage,Misc.,Morrisania Air Rights,3210 Park Avenue,Bronx,NY,10451,,NYCHA,N/A,February,2013
NYCHA,,Brooklyn,Closed,Vacant,Bayview,5985 Shore Parkway,Brooklyn,NY,11236,,NYCHA,,February,2013
NYCHA,,Brooklyn,Closed,TA use,Berry Street,71 South 10th Street,Brooklyn,NY,11211,,NYCHA,,February,2013
NYCHA,,Brooklyn,Closed,Vacant,Brevoort,258 Ralph Avenue,Brooklyn,NY,11233,,NYCHA,,February,2013
NYCHA,,Brooklyn,Closed,Consolidated,Brownsville,320 Blake Avenue,Brooklyn,NY,11212,,NYCHA,,February,2013
NYCHA,,Brooklyn,Closed,Vacant,Carey Gardens,2315 Surf Avenue,Brooklyn,NY,11224,,NYCHA,,February,2013
NYCHA,,Brooklyn,Closed,Consolidated,Gravesend,3146 Bayview Avenue,Brooklyn,NY,11224,,NYCHA,,February,2013
NYCHA,,Brooklyn,Closed,Vacant,Howard,1620 E N Y Avenue,Brooklyn,NY,11212,,NYCHA,,February,2013
NYCHA,,Brooklyn,Closed,Pending-Job Plus,Kingsborough,342 Kingsborough 3rd Wallk,Brooklyn,NY,11233,,NYCHA,,February,2013
NYCHA,,Brooklyn,Closed,Vacant,Lafayette Gardens,470 Dekalb Avenue,Brooklyn,NY,11205,,NYCHA,,February,2013
NYCHA,,Brooklyn,Closed,Vacant,Lafayette Gardens,415 Lafayette Avenue,Brooklyn,NY,11228,,NYCHA,,February,2013
NYCHA,,Brooklyn,Closed,Pending,Long Island Baptist,340-A Williams Avenue,Brooklyn,NY,11207,,NYCHA,,February,2013
NYCHA,,Brooklyn,Closed,Vacant,Marcy,582 Park Avenue,Brooklyn,NY,11206,,NYCHA,,February,2013
NYCHA,,Brooklyn,Closed,Vacant,Marcy,468 Marcy Avenue,Brooklyn,NY,11206,,NYCHA,,February,2013
NYCHA,,Brooklyn,Closed,Vacant,Ocean Hill,305 MacDougal Street,Brooklyn,NY,11233,,NYCHA,,February,2013
NYCHA,,Brooklyn,Closed,Consolidated,Park Rock,1767B Sterling Pl,Brooklyn,NY,11233,,NYCHA,,February,2013
NYCHA,,Brooklyn,Closed,Vacant,Red Hook East,120 West 9th Street,Brooklyn,NY,11231,,NYCHA,,February,2013
NYCHA,,Brooklyn,Closed,Vacant,Sheepshead/Nostrand,3525 Nostrand Avenue,Brooklyn,NY,11229,,NYCHA,,February,2013
NYCHA,,Brooklyn,Closed,Pending-Job Plus,Van Dyke I,330 Powell Street,Brooklyn,NY,11212,,NYCHA,,February,2013
NYCHA,,Brooklyn,Closed,Pending,Weeksville,1640 Pacific Street,Brooklyn,NY,11213,,NYCHA,,February,2013
NYCHA,,Brooklyn,Closed,Vacant,Whitman,149 N Oxford Wk,Brooklyn,NY,11205,,NYCHA,,February,2013
NYCHA,,Brooklyn,Closed,Vacant,Wyckoff Gardens,266 Wyckoff Street,Brooklyn,NY,11217,,NYCHA,,February,2013
NYCHA,,Brooklyn,Community Center,Community Center,Albany,164 Troy Avenue,Brooklyn,NY,11213,(718) 771-6462,NYCHA,Tiecha Merrit,February,2013
NYCHA,,Brooklyn,Community Center,Community Center,Atlantic Term,501 Carlton Avenue,Brooklyn,NY,11238,(718) 783-7329,NYCHA,Kisha Jackson,February,2013
NYCHA,,Brooklyn,Community Center,Community Center,Boulevard,726 Stanley Avenue,Brooklyn,NY,11207,(718) 272-0050,NYCHA,Beverly Butler,February,2013
NYCHA,,Brooklyn,Community Center,Community Center,Breukelen,715 East 105th Street,Brooklyn,NY,11236,(718) 649-0448,NYCHA,Brenda Drew,February,2013
NYCHA,,Brooklyn,Community Center,Community Center,Brevoort,280 Ralph Avenue,Brooklyn,NY,11233,(718) 493-3917,NYCHA,Sharay Ptomey,February,2013
NYCHA,,Brooklyn,Community Center,Community Center,Carey Gardens,2315 Surf Avenue,Brooklyn,NY,11224,(718) 996-5893,NYCHA,Edwin Pacheco,February,2013
NYCHA,,Brooklyn,Community Center,Community Center,Cooper Park,76 Kingsland Avenue,Brooklyn,NY,11211,(718) 383-5292,NYCHA,Perry Rabalais,February,2013
NYCHA,,Brooklyn,Community Center,Community Center,Glenwood,5816  Farragut Avenue,Brooklyn,NY,11234,(718) 451-2389,NYCHA,Lenore Beale,February,2013
NYCHA,,Brooklyn,Community Center,Community Center,Hope Gardens,422 Central Avenue,Brooklyn,NY,11221,(718) 453-7361,NYCHA,Kathy Washington,February,2013
NYCHA,,Brooklyn,Community Center,Community Center,Howard,90 Watkins Street.,Brooklyn,NY,11212,(718) 495-5079,NYCHA,Sadie Sanders,February,2013
NYCHA,,Brooklyn,Community Center,Community Center,Independence Towers,114 Taylor Street,Brooklyn,NY,11211,(718) 302-3416,NYCHA,LaChaune Tinsley,February,2013
NYCHA,,Brooklyn,Community Center,Community Center,Kingsborough,129 Kingsborough 1st Walk,Brooklyn,NY,11233,(718) 735-5900,NYCHA,Jeanette Bell,February,2013
NYCHA,,Brooklyn,Community Center,Community Center,Lafayette Gardens,442 Dekalb Avenue,Brooklyn,NY,11205,(718) 857-0207,NYCHA,Denise Guess-Strickland,February,2013
NYCHA,,Brooklyn,Community Center,Community Center,Langston Hughes,301 Sutter Avenue,Brooklyn,NY,11212,(718) 922-3255,NYCHA,Myra Miller,February,2013
NYCHA,,Brooklyn,Community Center,Community Center,Marcus Garvey,20 Amboy Street,Brooklyn,NY,11212,(718) 649-3970,NYCHA,Sandra Giddens,February,2013
NYCHA,,Brooklyn,Community Center,Community Center,O'Dwyer,2945 West 33rd Street,Brooklyn,NY,11224,(718) 946-0519,NYCHA,Shelton Collins,February,2013
NYCHA,,Brooklyn,Community Center,Community Center,Penn-Wortman,895 Pennsylvania Avenue,Brooklyn,NY,11207,(718) 649-1371,NYCHA,Shanqua Sims-Brown,February,2013
NYCHA,,Brooklyn,Community Center,Community Center,Red Hook East/Joseph Miccio,110 West  9th Street,Brooklyn,NY,11231,(718) 243-1528,NYCHA,Tyrone Lewis,February,2013
NYCHA,,Brooklyn,Community Center,Community Center,Roosevelt II,400 Hart Street,Brooklyn,NY,11206,(718) 919-5623,NYCHA,Tanya Morris,February,2013
NYCHA,,Brooklyn,Community Center,Community Center,Saratoga,940 Hancock Street,Brooklyn,NY,11233,(718) 443-2539,NYCHA,Nicole Johnson,February,2013
NYCHA,,Brooklyn,Community Center,Community Center,Seth Low,137 Belmont Avenue,Brooklyn,NY,11212,(718) 345-1205,NYCHA,Alvina Guy,February,2013
NYCHA,,Brooklyn,Community Center,Community Center,Sheepshead/Nostrand,3679 Nostrand Avenue (mailing address is 3643),Brooklyn,NY,11229,(718) 891-5062,NYCHA,Tony wingate,February,2013
NYCHA,,Brooklyn,Community Center,Community Center,Stuyvesant Gardens,214 Stuyvesant Avenue,Brooklyn,NY,11221,(718) 455-3069,NYCHA,Vickie Lamb,February,2013
NYCHA,,Brooklyn,Community Center,Community Center,Tilden,630 Mother Gaston Blvd.,Brooklyn,NY,11212,(718) 495-0910,NYCHA,Edith Robinson,February,2013
NYCHA,,Brooklyn,Community Center,Community Center,Tompkins,736 Park Avenue,Brooklyn,NY,11206,(718) 384-6578,NYCHA,Juanita Brown,February,2013
NYCHA,,Brooklyn,Community Center,Community Center,Unity Plaza(Sites 4-27),576 Blake Avenue,Brooklyn,NY,11207,(718) 346-4807,NYCHA,Gregory Duggins,February,2013
NYCHA,,Brooklyn,Community Center,Community Center,Van Dyke I,392 Blake Avenue,Brooklyn,NY,11212,(718) 485-3719,NYCHA,Deneisha Graham,February,2013
NYCHA,,Brooklyn,Community Center,Community Center,Williams Plaza,323 Roebling Street,Brooklyn,NY,11211,(718) 384-5837,NYCHA,Amadi Tittle,February,2013
NYCHA,,Brooklyn,Community Center,Community Center,Williamsburg,195 Graham Avenue,Brooklyn,NY,11206,(718) 387-7482,NYCHA,Marilyn Gonzalez,February,2013
NYCHA,,Brooklyn,Community Center,Community Center,Wyckoff Gardens,280 Wyckoff Street,Brooklyn,NY,11217,(718) 834-8595,NYCHA,Makeba Price,February,2013
NYCHA,,Brooklyn,Senior Center,Senior Center,Armstrong,360 Nostrand Avenue,Brooklyn,NY,11216,(718) 789-9672,NYCHA,Bessie Prince,February,2013
NYCHA,,Brooklyn,Senior Center,Senior Center,Brevoort,280 Ralph Avenue,Brooklyn,NY,11233,(718) 467-7381,NYCHA,Chela Howard,February,2013
NYCHA,,Brooklyn,Senior Center,Senior Center,Brownsville,528 Mother Gaston Blvd.,Brooklyn,NY,11212,(718) 345-3221,NYCHA,Evan Dawes,February,2013
NYCHA,,Brooklyn,Senior Center,Senior Center,Bushwick/Hylan,50 Humboldt Street,Brooklyn,NY,11206,(718) 453-0644,NYCHA,Morabia Paulino,February,2013
NYCHA,,Brooklyn,Senior Center,Senior Center,Cooper Park,288 Frost Street,Brooklyn,NY,11222,(718) 383-7232,NYCHA,Americo Santiago,February,2013
NYCHA,,Brooklyn,Senior Center,Senior Center,Cypress Hills,475 Fountain Avenue,Brooklyn,NY,11208,(718) 277-1233,NYCHA,Shelia Alston,February,2013
NYCHA,,Brooklyn,Senior Center,Senior Center,Farragut,228 York Street,Brooklyn,NY,11201,(718) 852-6347,NYCHA,Rosalind Foreman,February,2013
NYCHA,,Brooklyn,Senior Center,Senior Center,Glenmore Plaza,1777 Pitkin Avenue,Brooklyn,NY,11212,(718) 485--5013,NYCHA,Jaqueline Franks,February,2013
NYCHA,,Brooklyn,Senior Center,Senior Center,Langston Hughes,301 Sutter Avenue,Brooklyn,NY,11212,(718) 498-7752,NYCHA,Marthena Carrington,February,2013
NYCHA,,Brooklyn,Senior Center,Senior Center,Marcus Garvey,1440 E N Y Avenue,Brooklyn,NY,11212,(718) 346-7167,NYCHA,Willie Mae Maxwell,February,2013
NYCHA,,Brooklyn,Senior Center,Senior Center,Palmetto Gardens,85 Palmetto Street,Brooklyn,NY,11221,(718) 443-4631,NYCHA,Sonia Cordova,February,2013
NYCHA,,Brooklyn,Senior Center,Senior Center,Saratoga Square,930 Halsey Street,Brooklyn,NY,11233,(718) 443-4708,NYCHA,Kier Nelson,February,2013
NYCHA,,Brooklyn,Senior Center,Senior Center,Seth Low,137 Belmont Avenue,Brooklyn,NY,11212,(718) 485-4991,NYCHA,,February,2013
NYCHA,,Brooklyn,Senior Center,Senior Center,Stuyvesant Gardens,150 Malcolm X Blvd,Brooklyn,NY,11221,(718) 919-0279,NYCHA,Tomasina Harper,February,2013
NYCHA,,Brooklyn,Senior Center,Senior Center,Sumner,862 Park Avenue,Brooklyn,NY,11206,(718) 455-8471,NYCHA,Deborah Scott,February,2013
NYCHA,,Manhattan,Art Center,Misc.,Harborview,536 West 56th Street,New York,NY,10019,(212) 541-5172,NYCHA,William Lucero,February,2013
NYCHA,,Manhattan,closed,Vacant,Carver,1445 Madison Avenue,New York,NY,10029,,NYCHA,,February,2013
NYCHA,,Manhattan,Closed,Vacant,Chelsea/Elliott,447 West 25th Street,New York,NY,10001,,NYCHA,,February,2013
NYCHA,,Manhattan,Closed,Shared space,Drew Hamilton,220 West 143rd Street,New York,NY,10030,,NYCHA,,February,2013
NYCHA,,Manhattan,Closed,Vacant,Drew Hamilton,2690 8th Avenue,New York,NY,10030,,NYCHA,,February,2013
NYCHA,,Manhattan,Closed,Vacant,Harlem River,207 West 151 Street,New York,NY,10030,,NYCHA,,February,2013
NYCHA,,Manhattan,Closed,Pending,Johnson,1833 Lexington Avenue,New York,NY,10029,,NYCHA,,February,2013
NYCHA,,Manhattan,Closed,Vacant,Lexington,183 East 98th Street.,New York,NY,10029,,NYCHA,,February,2013
NYCHA,,Manhattan,Closed,Vacant,Polo Grounds,2965 Eighth Avenue,New York,NY,10039,,NYCHA,,February,2013
NYCHA,,Manhattan,Closed,Pending-Job Plus,Riis,154 Avenue D,New York,NY,10003,,NYCHA,,February,2013
NYCHA,,Manhattan,Closed,Pending-Job Plus,Riis,152 Avenue D,New York,NY,10009,,NYCHA,,February,2013
NYCHA,,Manhattan,Closed,Vacant,St. Nicholas,220 West 131st Street,New York,NY,10027,,NYCHA,,February,2013
NYCHA,,Manhattan,Community Center,Community Center,Baruch,605 FDR Drive,New York,NY,10002,(212) 477-2541,NYCHA,Evelyn Melendez,February,2013
NYCHA,,Manhattan,Community Center,Community Center,Campos Plaza,611 East 13th Sreet,New York,NY,10009,(212) 677-1801,NYCHA,David Soto,February,2013
NYCHA,,Manhattan,Community Center,Community Center,Clinton,120 East 110th Street,New York,NY,10029,(212) 876-1240,NYCHA,Nancy Quiones,February,2013
NYCHA,,Manhattan,Community Center,Community Center,Drew Hamilton,220 West 143rd Street,New York,NY,10030,(212) 368-0759,NYCHA,Renee Lindquist,February,2013
NYCHA,,Manhattan,Community Center,Community Center,East River,404 East 105th Street,New York,NY,10029,(212) 348-1220,NYCHA,Jacqueline Haward,February,2013
NYCHA,,Manhattan,Community Center,Community Center,Jackie Robinson,110 East 129th Street,New York,NY,10035,(212) 348-7900,NYCHA,Unique Wynn,February,2013
NYCHA,,Manhattan,Community Center,Community Center,King Towers,2 West 115th Street,New York,NY,10026,(212) 348-5721,NYCHA,Dawn Foster,February,2013
NYCHA,,Manhattan,Community Center,Community Center,Lehman Village,1589 Madison Avenue,New York,NY,10029,(212) 876-6480,NYCHA,Robert Anthony,February,2013
NYCHA,,Manhattan,Community Center,Community Center,Manhattanville,530 West 133rd Street,New York,NY,10027,(212) 491-3377,NYCHA,Doreen Davis,February,2013
NYCHA,,Manhattan,Community Center,Community Center,Riis,80 Avenue D,New York,NY,10009,(212) 228-3240,NYCHA,Marta Colon,February,2013
NYCHA,,Manhattan,Community Center,Community Center,Rutgers,200 Madison Street,New York,NY,10002,(212) 385-9349,NYCHA,Lakisha Smith,February,2013
NYCHA,,Manhattan,Community Center,Community Center,Seward Park Ext,56 Essex Street,New York,NY,10002,(212) 460-8163,NYCHA,Geraldine Phillip,February,2013
NYCHA,,Manhattan,Community Center,Community Center,Wagner,435 East 120th Street,New York,NY,10035,(212) 831-6688,NYCHA,Andrew Yates,February,2013
NYCHA,,Manhattan,Job Training Program,Misc.,Jefferson,335 East 111th Street,New York,NY,10029,(917) 492-0274,NYCHA,Corwin Spivey,February,2013
NYCHA,,Manhattan,Performing Arts Center,Misc.,Straus,225 East 27th Street,New York,NY,10016,(212) 683-3647,NYCHA,Juan Santiago,February,2013
NYCHA,,Manhattan,Senior Center,Senior Center,Douglass Addition,868 Amsterdam Avenue,New York,NY,10025,(212) 666-4019,NYCHA,Floyd Cohen,February,2013
NYCHA,,Manhattan,Senior Center,Senior Center,King Towers,50 Lenox Avenue,New York,NY,10026,(212) 426-5049,NYCHA,William Johnson,February,2013
NYCHA,,Manhattan,Senior Center,Senior Center,Lehman,1641 Madison Avenue,New York,NY,10029,(212) 348-5749,NYCHA,Martha Espinal,February,2013
NYCHA,,Manhattan,Senior Center,Senior Center,Lincoln,60 East 135th Street,New York,NY,10037,(212) 234-0005,NYCHA,Carmen Velasquez,February,2013
NYCHA,,Manhattan,Senior Center,Senior Center,Manhattanville,530 West 133rd Street,New York,NY,10027,(212) 368-4973,NYCHA,Jeanette Chirico,February,2013
NYCHA,,Manhattan,Senior Center,Senior Center,Meltzer Towers,94 East 1st Street,New York,NY,10009,(212) 982-5130,NYCHA,Yanisha Gamboa,February,2013
NYCHA,,Manhattan,Senior Center,Senior Center,Polo Grounds,2965 Eighth Avenue,New York,NY,10039,(917) 507-9583,NYCHA,Keith Mitchel,February,2013
NYCHA,,Manhattan,Senior Center,Senior Center,Rangel,159-36 Harlem River Drive,New York,NY,10039,(212) 234-6140,NYCHA,Gary Samuels,February,2013
NYCHA,,Manhattan,Senior Center,Senior Center,St. Nicholas,210 West 131st Street,New York,NY,10027,(212) 665-3279,NYCHA,Jennifer Muldrow,February,2013
NYCHA,,Manhattan,Senior Center,Senior Center,Taft,1365  5th Avenue,New York,NY,10029,(212)987-4361,NYCHA,Viola Collins,February,2013
NYCHA,,Manhattan,Senior Center,Senior Center,Wagner,435 East 120th Street,New York,NY,10035,(212) 987-2980,NYCHA,Linda Moses,February,2013
NYCHA,,Manhattan,Senior Program,Misc.,Wise (Sondra Thomas),102 West 91 Street,New York,NY,10024,(212) 875-0841,NYCHA,Andianna Celleri,February,2013
NYCHA,,Manhattan,Social Services,Misc.,Riis,152 Avenue D,New York,NY,10009,(718) 409-8647,NYCHA,Marilyn Goulboume,February,2013
NYCHA,,Manhattan,Storage,Misc.,Polo Grounds,2927 Eighth Avenue,New York,NY,10039,N/A,NYCHA,N/A,February,2013
NYCHA,,Manhattan,Storage,Misc.,Wilson,405 East 105th Steet,New York,NY,10029,,NYCHA,,February,2013
NYCHA,,Manhattan,Theatre Art,Misc.,Wald,934 East Fourth Walk,New York,NY,10009,(212) 306-2864,NYCHA,Antonio Pantojas,February,2013
NYCHA,,Manhattan,Youth Chorus,Misc.,Taft,1385  5th Avenue,New York,NY,10029,(212) 427-6648,NYCHA,Larry Matthew,February,2013
NYCHA,,Queens,Closed,Vacant,Astoria,2-08 Astoria Blvd.,Queens,NY,11102,,NYCHA,,February,2013
NYCHA,,Queens,Closed,Consolidated,Baisley Park,116-40 Guy Brewer Blvd,Queens,NY,11433,,NYCHA,,February,2013
NYCHA,,Queens,Closed,Consolidated,Bland,133-36 Roosevelt Avenue,Queens,NY,11354,,NYCHA,,February,2013
NYCHA,,Queens,Closed,Vacant,Carleton Manor,71-15 Beach Channel Dr,Queens,NY,11692,,NYCHA,,February,2013
NYCHA,,Queens,Closed,Vacant,Queensbridge South,10-30 41st Avenue,Queens,NY,11101,,NYCHA,,February,2013
NYCHA,,Queens,Closed,Vacant,Ravenswood,21-20 35th Avenue,Queens,NY,11106,,NYCHA,,February,2013
NYCHA,,Queens,Closed,Vacant,South Jamaica,107-60 159th Street,Queens,NY,11433,,NYCHA,,February,2013
NYCHA,,Queens,Community Center,Community Center,Astoria,4-05 Astoria Blvd,Queens,NY,11102,(718) 721-0289,NYCHA,Gary Hawkins,February,2013
NYCHA,,Queens,Community Center,Community Center,Beach 41st Street,426 Beach 40th Street,Queens,NY,11691,((718) 471-0971,NYCHA,Charlene Calhoun,February,2013
NYCHA,,Queens,Community Center,Community Center,Hammel,81-14 Rkway Beach Blvd.,Queens,NY,11693,(718) 318-4627,NYCHA,Vincent Braxton,February,2013
NYCHA,,Queens,Community Center,Community Center,Woodside,50-19 Broadway,Queens,NY,11377,(718) 932-0771,NYCHA,Louis Ortiz,February,2013
NYCHA,,Queens,Senior Center,Senior Center,Astoria,4-05 Astoria Blvd,Queens,NY,11102,(718) 721-2976,NYCHA,Joann Parks,February,2013
NYCHA,,Queens,Senior Center,Senior Center,Baisley Park,116-80 Guy Brewer Blvd,Queens,NY,11433,(718) 527-0904,NYCHA,Eric Thomas,February,2013
NYCHA,,Queens,Senior Center,Senior Center,Bland,40-15 College Pt Blvd,Queens,NY,11354,(718) 321-0463,NYCHA,Francy Zamora,February,2013
NYCHA,,Queens,Senior Center,Senior Center,International Towers,90-20 170th Street.,Queens,NY,11432,(718) 739-6988,NYCHA,Elsie Blair Robinson,February,2013
NYCHA,,Queens,Senior Center,Senior Center,Shelton,89-09 162nd Street #1K,Queens,NY,11432,(718) 657-7880,NYCHA,Carmenza Ortega,February,2013
NYCHA,,Queens,Storage,Misc.,South Jamaica,158-03 108th Avenue,Queens,NY,11433,N/A,NYCHA,N/A,February,2013
NYCHA,,Staten Island,Closed,Pending-Job Plus,Mariner's Harbor,22 Roxbury Street,Staten Island,NY,10303,,NYCHA,,February,2013
NYCHA,,Staten Island,Closed,Vacant,Stapleton,195 Gordon Street,Staten Island,NY,10304,,NYCHA,,February,2013
NYCHA,,Staten Island,Community Center,Community Center,Berry,211 Jefferson St.,Staten Island,NY,10306,(718) 979-4892,NYCHA,Joe King,February,2013
NYCHA,,Staten Island,Community Center,Community Center,Mariner's Harbor,157 Brabant Steet,Staten Island,NY,10303,(718) 761-3368,NYCHA,Patricia Gandia,February,2013
NYCHA,,Staten Island,Community Center,Community Center,Richmond Terrace,71 Jersey Street,Staten Island,NY,10301,(718) 981-9001,NYCHA,Diane fleming,February,2013
NYCHA,,Staten Island,Community Center,Community Center,South Beach,155 Norway Avenue,Staten Island,NY,10305,(718) 815-0689,NYCHA,Derrick Simpson,February,2013
NYCHA,,Staten Island,Community Center,Community Center,Todt Hill,255 Westwood Avenue,Staten Island,NY,10314,(718) 761-4393,NYCHA,Eric Baez,February,2013
NYCHA,,Staten Island,Community Center,Community Center,West Brighton,230 Broadway,Staten Island,NY,10310,(718) 981-3281,NYCHA,Kimyatta Mandry,February,2013
NYCHA,,Staten Island,Computer Lab,Misc.,Berry,1742 Richmond Road,Staten Island,NY,10306,(718) 979-4892,NYCHA,Joe King,February,2013
NYCHA,,Staten Island,Storage,Misc.,Stapleton,31 Warren Street,Staten Island,NY,10304,N/A,NYCHA,N/A,February,2013
NYCHA,,Staten Island,Storage,Misc.,West Brighton,1085 Castleton Avenue,Staten Island,NY,10310,N/A,NYCHA,N/A,February,2013
NYCHA,,Staten Island,Storage,Misc.,West Brighton,1085 Castleton Avenue,Staten Island,NY,N/A,NYCHA,N/A,,February,2013
SPONSORED,Other,Bronx,Community Center,Community Center,Baychester,1220 E. 229th St.,Bronx,NY,10466,(718) 325-9484,Baychester Youth Council,Ernestine Russell,February,2013
SPONSORED,DYCD,Bronx,Community Center,Community Center,Betances,465 St. Ann's Avenue,Bronx,NY,10455,(718) 585-5040,"Bronxworks, Inc.",Lisette Nieves,February,2013
SPONSORED,DYCD,Bronx,Community Center,Community Center,Bronx River,1619 East 174th Street,Bronx,NY,10472,(718) 589-0553,"Childrens Arts and Science Workshop, Inc.",Diana Valera,February,2013
SPONSORED,Other,Bronx,Community Center,Community Center,Castle Hill,625 Castle Hill Avenue,Bronx,NY,10473,(718) 828-4518,Kips Bay Boys & Girls Club/Dept for the Aging,Lou Rodriguez,February,2013
SPONSORED,DYCD,Bronx,Community Center,Community Center,Eastchester,3016 Yates Avenue,Bronx,NY,10469,(718) 231-9800,Neighborhood Initiatives Development Corporation,Lester L.Thorton,February,2013
SPONSORED,DYCD,Bronx,Community Center,Community Center,Edenwald,1150 East 229th Street,Bronx,NY,10466,(718) 652-0246,Child Development Ctr. Of the Mosholu Montefiore CC,Ivan Croft,February,2013
SPONSORED,Other,Bronx,Community Center,Community Center,Forest,955 Tinton Avenue,Bronx,NY,10456,(718) 542-2727,Southeast. Bronx Neighborhood Centers,Clyde Thompson,February,2013
SPONSORED,Other,Bronx,Community Center,Community Center,McKinley,751 East 161st Street,Bronx,NY,10456,(718) 993-8259,Southeast. Bronx Neighborhood Centers,Donna Saunders,February,2013
SPONSORED,Other,Bronx,Community Center,Community Center,Millbrook,201 St. Ann's Avenue,Bronx,NY,10454,(718) 585-1254,East Side House Settlement,Jose Guardina,February,2013
SPONSORED,Other,Bronx,Community Center,Community Center,Mitchel,210 Alexander Avenue,Bronx,NY,10454,(718) 993-9355,East Side House Settlement,Leslie Mantrone,February,2013
SPONSORED,Other,Bronx,Community Center,Community Center,Morris,489 East 169th Street,Bronx,NY,10456,(718) 588-1000,Claremont Neighborhood Center,Abraham Jones,February,2013
SPONSORED,Other,Bronx,Community Center,Community Center,Mott Haven,375 East 143rd Street,Bronx,NY,10454,(718) 292-4151,East Side House Settlement,Leslie Mantrone,February,2013
SPONSORED,Other,Bronx,Community Center,Community Center,Patterson,340 Morris Avenue,Bronx,NY,10451,(718) 993-2744,East Side House Settlement,James Blakeney,February,2013
SPONSORED,DYCD,Bronx,Community Center,Community Center,Soundview,1680 Seward Avenue,Bronx,NY,10473,(718) 378-6246,Phipps Community Development,Kim Fontaine,February,2013
SPONSORED,Other,Bronx,Community Center,Community Center,Throggs Neck,550 Balcom Avenue,Bronx,NY,10465,(718) 824-9090,Kips Bay Boys & Girls Club/Dept for the Aging,Alberto Rodriguez,February,2013
SPONSORED,,Bronx,Day Care Center,Day Care,Adams,690 Westchester Avenue,Bronx,NY,10456,(718) 292-8682,"Phillip Child Care Center, Inc.",Marlene Pompee,February,2013
SPONSORED,ACS,Bronx,Day Care Center,Day Care,Betances Site 4,528 East 146th Street,Bronx,NY,10455,(718) 665-1100,"Betances Day Care Center, Inc.",Arlene Edwards Tammond,February,2013
SPONSORED,,Bronx,Day Care Center,Day Care,Bronx River,1555 East 174th Street,Bronx,NY,10472,(718) 842-6582,"Tremont Crotona Day Care Ctr., Inc.",Angela Sinapi,February,2013
SPONSORED,ACS,Bronx,Day Care Center,Day Care,Castle Hill,2165 Randall Avenue,Bronx,NY,10473,(718) 904-1689,Leake & Watts Children's Services Inc.,Milagros Marrero,February,2013
SPONSORED,ACS,Bronx,Day Care Center,Day Care,Edenwald,1140 East 229th Street,Bronx,NY,10466,(718) 547-1735,Northeast Bronx Day Care Center,Joyce L. James,February,2013
SPONSORED,ACS,Bronx,Day Care Center,Day Care,Forest,749 East 163rd Street,Bronx,NY,10456,(718) 991-1050,Southeast. Bronx Neighborhood Centers,Phyllis Forde,February,2013
SPONSORED,,Bronx,Day Care Center,Day Care,Gun Hill,3440 White Plains Rd,Bronx,NY,10467,(718) 547-0501,"Susan E. Wagner Victory Day Care Center, Inc.",Rosalie Stephens,February,2013
SPONSORED,ACS,Bronx,Day Care Center,Day Care,Highbridge Grdns,1165 University Avenue,Bronx,NY,10452,(718) 681-5888,"Highbridge Advisory Council, Inc",Afiya Francis,February,2013
SPONSORED,,Bronx,Day Care Center,Day Care,Hunts Point Rehabs,875 Irvine Street,Bronx,NY,10474,(718) 620-2824,"Hunts Point Alliance for Children, Inc.",Jill Roche,February,2013
SPONSORED,ACS,Bronx,Day Care Center,Day Care,Justice Sonia Sotomayor,1065 Beach Avenue,Bronx,NY,10472,(718) 991-8315,Bronxdale Tenant's League DayCare Ctr.,Annie Williams,February,2013
SPONSORED,Unfunded,Bronx,Day Care Center,Day Care,Marble Hill,5470 Broadway,Bronx,NY,10463,(718) 562-7055,Children's Arts and Sciences Workshop Marble Hill Nursery School,Karen Worchel,February,2013
SPONSORED,ACS,Bronx,Day Care Center,Day Care,McKinley,909 Tinton Avenue,Bronx,NY,10456,(718) 665-7791,Southeast. Bronx Neighborhood Centers,Valerie Salters,February,2013
SPONSORED,Discretionary,Bronx,Day Care Center,Day Care,Millbrook,161 Saint Ann's Avenue,Bronx,NY,10454,(718) 585-2540,"Pamela C. Torres Day Care Center, Inc.",Nilsa Cruz,February,2013
SPONSORED,ACS,Bronx,Day Care Center,Day Care,Mitchel,200 Alexander Avenue,Bronx,NY,10454,(718) 993-3692,East Side House Settlement,Terry Vega,February,2013
SPONSORED,,Bronx,Day Care Center,Day Care,Monterey/Twin Parks,2120 Quarry Road,Bronx,NY,10457,(718) 391-6207,NYC Board Of Education,Ellie Grenberg,February,2013
SPONSORED,ACS,Bronx,Day Care Center,Day Care,Murphy,1811 Crotona Avenue,Bronx,NY,10457,(718) 731-4166,E Tremont Child Care Center,Clara Freeman,February,2013
SPONSORED,,Bronx,Day Care Center,Day Care,Pelham Parkway,2280 Wallace Avenue,Bronx,NY,10469,(718) 994-0612,Assoc Health of Retarded Children,Miriam Figueroa,February,2013
SPONSORED,,Bronx,Day Care Center,Day Care,Pelham Parkway,2222 Wallace Avenue,Bronx,NY,10467,(718) 653-1036,"Bronx House, Inc.",Jerry Hade,February,2013
SPONSORED,Unfunded,Bronx,Day Care Center,Day Care,Sedgwick,1531 University Avenue,Bronx,NY,10453,(718) 294-0660,Leake & Watts Children's Services Inc.,Charles Rosa,February,2013
SPONSORED,,Bronx,Day Care Center,Day Care,Soundview,1700 Seward Avenue,Bronx,NY,10473,(718) 991-7462,Leake & Watts Children's Services Inc.,Sharon Paye,February,2013
SPONSORED,Unfunded,Bronx,Day Care Center,Day Care,St. Mary's Park,675 Westchester Ave.,Bronx,NY,10455,(718) 292-8682,Anna Lefkowitz Day Care Center,Marlene Pompee,February,2013
SPONSORED,ACS,Bronx,Day Care Center,Day Care,Throggs Neck,461 Swinton Avenue,Bronx,NY,10465,(718) 822-0172,"Throggs Neck Child Care Center, Inc.",Jennie Connolly,February,2013
SPONSORED,Unfunded,Bronx,Day Care Center,Day Care,Twin Parks West,355 East 183rd Street,Bronx,NY,10458,(718) 220-4398,As The Twig Is Bent Children Center Inc.,Debora Everett,February,2013
SPONSORED,ACS,Bronx,Day Care Center,Day Care,Webster,1240 Webster Avenue,Bronx,NY,10456,(718) 538-7135,Claremont Neighborhood Center,Elizabeth Wilson,February,2013
SPONSORED,Other,Bronx,Family  Assistance Program,Misc.,Highbridge Rehab,125 West 166th Street,Bronx,NY,10452,(212) 740-1960,"Alianza Dominicana, Inc.",Ilse Farjardo,February,2013
SPONSORED,Other,Bronx,GED,Misc.,1030 East 178th Street,1030 East 178th Street,Bronx,NY,10460,(718) 542-0109,Phipps Community Development,Sharon Williams,February,2013
SPONSORED,ACS,Bronx,Head Start Center,Head Start,Betances Site 4,490 East 143rd Street,Bronx,NY,10454,(718) 292-7250,"South Bronx Head Start Program, Inc.",Estella Campbell,February,2013
SPONSORED,,Bronx,Head Start Center,Head Start,Boynton,1057 Boynton Avenue,Bronx,NY,10472,(718) 583-5138,E Tremont Head Start Alumni Day Care Center,Maria Garcia,February,2013
SPONSORED,,Bronx,Head Start Center,Head Start,Butler,1458 Webster Avenue,Bronx,NY,10456,(718) 538-3920,"South Bronx Head Start Program, Inc.",Estella Campbell,February,2013
SPONSORED,,Bronx,Head Start Center,Head Start,Castle Hill,2165 Randall Avenue,Bronx,NY,10473,(718) 829-9595,Leake & Watts Children's Services Inc.,Janet Knight,February,2013
SPONSORED,ACS,Bronx,Head Start Center,Head Start,Millbrook,201 St. Ann's Avenue,Bronx,NY,10454,(718) 993-4854,East Side House Settlement,Sharon Smith,February,2013
SPONSORED,ACS,Bronx,Head Start Center,Head Start,Monroe,1780 Story Avenue,Bronx,NY,10473,(718) 328-5470,E Tremont Head Start Alumni Day Care Center,Maria Garcia,February,2013
SPONSORED,,Bronx,Head Start Center,Head Start,Mott Haven,375 East 143rd Street,Bronx,NY,10454,(718) 292-5335,East Side House Settlement,Vernell Reed,February,2013
SPONSORED,ACS,Bronx,Head Start Center,Head Start,Patterson,414 Morris Avenue,Bronx,NY,10454,(718) 292-5335,East Side House Settlement,Vernell Reed,February,2013
SPONSORED,Other,Bronx,Health Clinic (Child),Health Clinic,Melrose,348 East 156th Street,Bronx,NY,10451,(718) 292-2820,NYC Health & Hospital Corp,Elizabeth Rodriguez,February,2013
SPONSORED,Other,Bronx,Health Clinic (Child),Health Clinic,Webster,401 East 168th Street,Bronx,NY,10456,(718) 538-1982,NYC Health & Hospital Corp,Nancy Gonzalez,February,2013
SPONSORED,Other,Bronx,IHAD Literacy,Misc.,Melrose,277 E. 153 St.,Bronx,NY,10451,(718) 401-3223,I Have A Dream Foundation-NY,Ray Llanos,February,2013
SPONSORED,Other,Bronx,NORC,Misc.,Pelham Parkway,"2425 Williamsbridge Rd., Suite 1B",Bronx,NY,10469,(718) 652-6363,Bronx Jewish Community Council,Arturo Smith,February,2013
SPONSORED,DFTA,Bronx,Senior Center,Senior Center,Adams,735 East 152nd Street,Bronx,NY,10455,(718) 292-7129,Neighborhoog SHOPPE,Sandra Colon,February,2013
SPONSORED,Other,Bronx,Senior Center,Senior Center,Bailey Ave,2660 Bailey Avenue,Bronx,NY,10463,(718) 796-2559,Regional Aid For Interim Needs,Nelly MonSanto,February,2013
SPONSORED,DFTA,Bronx,Senior Center,Senior Center,Baychester,1220 E. 229th St.,Bronx,NY,10466,(718) 882-3815,Aging in America,Judith Richburg,February,2013
SPONSORED,DFTA,Bronx,Senior Center,Senior Center,Betances I,401 St. Ann's Avenue,Bronx,NY,10454,(718) 292-4922/5152,Institute for the Puerto Rican/Hispanic Elderly,Karen Reyes,February,2013
SPONSORED,DFTA,Bronx,Senior Center,Senior Center,Boston Rd (2440),2424 Boston Road,Bronx,NY,10467,(718) 547-8827,Regional Aid For Interim Needs,Rosemary Durso,February,2013
SPONSORED,DFTA,Bronx,Senior Center,Senior Center,Boston Secor,3540 Bivona Street,Bronx,NY,10475,(718) 671-8550,Regional Aid For Interim Needs,Melissa Johnson,February,2013
SPONSORED,DFTA,Bronx,Senior Center,Senior Center,Bronx River,1619 East 174th Street,Bronx,NY,10472,(718) 617-6114,Institute for the Puerto Rican/Hispanic Elderly,Antoinette Emers,February,2013
SPONSORED,DFTA,Bronx,Senior Center,Senior Center,Butler,1320 Webster Avenue,Bronx,NY,10456,(718) 538-3700,"William Hodson Senior Center, Inc.",Rosie Mills,February,2013
SPONSORED,DFTA,Bronx,Senior Center,Senior Center,Castle Hill,625 Castle Hill Avenue,Bronx,NY,10473,(718) 824-8910,Kips Bay Boys & Girls Club/Dept for the Aging,Emily Pelayo,February,2013
SPONSORED,DFTA,Bronx,Senior Center,Senior Center,Claremont/Franklin,1315 Franklin Avenue,Bronx,NY,10456,(718) 842-6880,Institute for the Puerto Rican/Hispanic Elderly,"Rev. Idus Nunn, Jr.",February,2013
SPONSORED,DFTA,Bronx,Senior Center,Senior Center,College Ave (1020),1020 College Avenue,Bronx,NY,10456,(718) 681-7993,Regional Aid For Interim Needs,Sharon Perrinton,February,2013
SPONSORED,DFTA,Bronx,Senior Center,Senior Center,Courtlandt Ave,372 E 152nd Street,Bronx,NY,10455,(718) 665-2280,East Side House Settlement,Diane Camacho,February,2013
SPONSORED,DFTA,Bronx,Senior Center,Senior Center,Eastchester,1246 Burke Avenue,Bronx,NY,10469,(718) 882-8513,Regional Aid For Interim Needs,Verna McDavid,February,2013
SPONSORED,Other,Bronx,Senior Center,Senior Center,Glebe Avenue,2125 Glebe Avenue,Bronx,NY,10462,(718) 829-1564,YMCA of Greater NY- Bronx Branch,Sarah Thompson,February,2013
SPONSORED,DFTA,Bronx,Senior Center,Senior Center,Gun Hill,3445 Holland Avenue,Bronx,NY,10467,(718) 881-5589,Regional Aid For Interim Needs,Evelyn Cintron,February,2013
SPONSORED,DFTA,Bronx,Senior Center,Senior Center,Jackson,325 East 156th Street,Bronx,NY,10451,(718) 585-1640,Presbyterian Senior Services,Mary E. Owens,February,2013
SPONSORED,DFTA,Bronx,Senior Center,Senior Center,Marble Hill,5365 Broadway,Bronx,NY,10463,(718) 562-8551,Mosholu Montefiore Comm. Center,Daniel Schmidt,February,2013
SPONSORED,DFTA,Bronx,Senior Center,Senior Center,Middletown Plaza,3035 Middletown Rd,Bronx,NY,10461,(718) 822-0486,Regional Aid For Interim Needs,Patricia McCormack,February,2013
SPONSORED,DFTA,Bronx,Senior Center,Senior Center,Millbrook,201 St. Ann's Avenue,Bronx,NY,10454,(718) 401-4901,Institute for the Puerto Rican/Hispanic Elderly,Karen Reyes,February,2013
SPONSORED,DFTA,Bronx,Senior Center,Senior Center,Mitchel,188 Lincoln Avenue,Bronx,NY,10454,(718) 665-2168,East Side House Settlement,Diane Camacho,February,2013
SPONSORED,DFTA,Bronx,Senior Center,Senior Center,Monroe,1776 Story Avenue,Bronx,NY,10473,(718) 893-3484,Institute for the Puerto Rican/Hispanic Elderly,Glisette Rivera,February,2013
SPONSORED,DFTA,Bronx,Senior Center,Senior Center,Moore,515 Jackson Avenue,Bronx,NY,10455,(718) 665-5559,"Bronxworks, Inc.",Wanda Abeyllez,February,2013
SPONSORED,DFTA,Bronx,Senior Center,Senior Center,Parkside,644 Adee Avenue,Bronx,NY,10467,(718) 881-7780,Presbyterian Senior Services,Ilana Yakobson-Lopez,February,2013
SPONSORED,Other,Bronx,Senior Center,Senior Center,Patterson,308 East 145th Street,Bronx,NY,10451,(718) 993-5146,East Side House Settlement,Juan Acosta,February,2013
SPONSORED,DFTA,Bronx,Senior Center,Senior Center,Randall Ave/Balcom Ave,2705 Schley Avenue,Bronx,NY,10465,(718) 823-1771,Jewish Assoc Services For the Aged,Maria Morales,February,2013
SPONSORED,DFTA,Bronx,Senior Center,Senior Center,Twin Parks East,2070 Clinton Avenue,Bronx,NY,10457,(718) 584-2357,Tremont Comm Sr Citizens Serv.,Sandra Arroyo,February,2013
SPONSORED,DFTA,Bronx,Senior Center,Senior Center,Union Avenue,950 Union Avenue,Bronx,NY,10459,(718) 328-2810,Presbyterian Senior Services,Michele Chappele,February,2013
SPONSORED,Other,Brooklyn,Afterschool,Misc.,Armstrong,264 Lexington Avenue,Brooklyn,NY,11216,(718) 622-6164,The Grace Havenwaller Learning Center,Diana Barnes,February,2013
SPONSORED,Other,Brooklyn,ATTAIN LAB,Misc.,Farragut,228 York Street,Brooklyn,NY,11201,(718) 522-0297,The Research Foundation of the State University of New York,J. Olaizola,February,2013
SPONSORED,Other,Brooklyn,ATTAIN LAB,Misc.,Vernon Ave (303),1060 Myrtle Avenue,Brooklyn,NY,11206,(718) 443-4612,The Research Foundation of the State University of New York,J. Olazaila,February,2013
SPONSORED,Other,Brooklyn,Community Center,Community Center,Armstrong,495 Gates Avenue,Brooklyn,NY,11216,(718) 230-8477,"Police Athletic League, Inc.",Danielle Lynch,February,2013
SPONSORED,DYCD,Brooklyn,Community Center,Community Center,Bayview,5955 Shore Parkway,Brooklyn,NY,11236,(718) 968-9621,Bergen Basin Community Development Corp.,Michael Bolus,February,2013
SPONSORED,Other,Brooklyn,Community Center,Community Center,Borinquen Plaza I,125 Humboldt Street,Brooklyn,NY,11206,(718) 782-8300,YMCA of Greater NY,Jackie Warden,February,2013
SPONSORED,DYCD,Brooklyn,Community Center,Community Center,Bushwick/Hylan,50 Humboldt Street,Brooklyn,NY,11206,(718) 453-8116,"Grand Street Settlement, Inc.",Jacqueline Sanchez,February,2013
SPONSORED,DYCD,Brooklyn,Community Center,Community Center,Coney Island/Surfside,2947 West 28th Street,Brooklyn,NY,11224,(718) 449-2897,HeartShare,Regina Mitchell,February,2013
SPONSORED,DYCD,Brooklyn,Community Center,Community Center,Cypress Hills,475 Fountain Avenue,Brooklyn,NY,11208,(718) 277-6641,"Directions For Our Youth, Inc.",Kristin Wagner,February,2013
SPONSORED,DYCD,Brooklyn,Community Center,Community Center,Farragut,228 York Street,Brooklyn,NY,11201,(718) 852-6318,Goodwill Industries of Greater New York,Michelle Cattouse,February,2013
SPONSORED,DYCD,Brooklyn,Community Center,Community Center,Ingersoll,177 Myrtle Avenue,Brooklyn,NY,11201,(718) 522-5051,"University Settlement Society of New York, Inc.",Samantha Johnson,February,2013
SPONSORED,DYCD,Brooklyn,Community Center,Community Center,Marlboro,2298 West 8th Street,Brooklyn,NY,11223,(718) 333-0575,Federation of Italian American Organizations of Brooklyn,Reggie Lerouge,February,2013
SPONSORED,DYCD,Brooklyn,Community Center,Community Center,Pink,2702 Linden Blvd,Brooklyn,NY,11208,(347) 689-8602,Italian American Civil Rights League.,William Williams,February,2013
SPONSORED,DYCD,Brooklyn,Community Center,Community Center,Sumner,862 Park Avenue,Brooklyn,NY,11206,(718) 919-3938,"Groundwork, Inc.",Keludys Ogando,February,2013
SPONSORED,DYCD,Brooklyn,Community Center,Community Center,Taylor-Wythe,80 Clymer Street,Brooklyn,NY,11249,(718) 782-5553,El Puente De Williamsburg,Rosa Scott,February,2013
SPONSORED,Other,Brooklyn,Community Center,Community Center,Wyckoff Gardens,272 Wyckoff Street,Brooklyn,NY,11217,(718) 522-2431,Colony South Brooklyn Houses,Julia Joa,February,2013
SPONSORED,ACS,Brooklyn,Day Care Center,Day Care,Albany,1185 Park Place,Brooklyn,NY,11213,(718) 778-6559,"Brooklyn Kindergarten Society, Inc.",Pamela Lindo-Butts,February,2013
SPONSORED,Discretionary,Brooklyn,Day Care Center,Day Care,Boulevard,2150 Linden Blvd,Brooklyn,NY,11207,(718) 649-2295,"Boulevard Nursery School, Inc.",Corelie Hook,February,2013
SPONSORED,ACS,Brooklyn,Day Care Center,Day Care,Breukelen,717 East 105th Street,Brooklyn,NY,11236,(718) 649-1463,Recreation Rooms & Settlement,Susan Lovegrove,February,2013
SPONSORED,ACS,Brooklyn,Day Care Center,Day Care,Brevoort,250 Ralph Avenue,Brooklyn,NY,11233,(718) 778-1069,"Brooklyn Kindergarten Society, Inc.",Huguette Lareche,February,2013
SPONSORED,ACS,Brooklyn,Day Care Center,Day Care,Carey Gardens,2964 West 23rd Street,Brooklyn,NY,11224,(718) 372-4044,"Police Athletic League, Inc.",Olga Pico,February,2013
SPONSORED,ACS,Brooklyn,Day Care Center,Day Care,Cooper Park,292 Frost Street,Brooklyn,NY,11222,(718) 389-5959,Episcopal Social Services,Gwendolyn Oviedo,February,2013
SPONSORED,Discretionary,Brooklyn,Day Care Center,Day Care,Cypress Hills,720 Euclid Avenue,Brooklyn,NY,11208,(718) 647-2274,Colony South Brooklyn Houses,Evelyn Robertson,February,2013
SPONSORED,Unfunded,Brooklyn,Day Care Center,Day Care,Farragut,32 Navy Street,Brooklyn,NY,11201,(718) 875-7635,"Catholic Charities Neighborhood Services, Inc.",Helen Valencia,February,2013
SPONSORED,ACS,Brooklyn,Day Care Center,Day Care,Gravesend,2757 W 33rd Street,Brooklyn,NY,11224,(516) 374-4564,"Labor Industry for Education, Inc",,February,2013
SPONSORED,ACS,Brooklyn,Day Care Center,Day Care,Howard,1592 E N Y Avenue,Brooklyn,NY,11212,(718) 342-2905,YWCA - New York City,Evelyn Delva,February,2013
SPONSORED,ACS,Brooklyn,Day Care Center,Day Care,Independence Towers,110 Taylor Street,Brooklyn,NY,11211,(718) 782-9363,Episcopal Social Services,Elizabeth Yusucobo,February,2013
SPONSORED,Discretionary,Brooklyn,Day Care Center,Day Care,Lafayette Gardens,333 Classon Avenue,Brooklyn,NY,11205,(718) 857-5630,Billy Martin Child Dev Center,Denise Rivera,February,2013
SPONSORED,ACS,Brooklyn,Day Care Center,Day Care,Marcy,494 Marcy Avenue,Brooklyn,NY,11206,(718) 855-7252,Episcopal Social Services,Ruben Betinol,February,2013
SPONSORED,ACS,Brooklyn,Day Care Center,Day Care,Marlboro,49 Avenue W,Brooklyn,NY,11223,(718) 372-8189,Friends of Crown Heights,Faustina Lee,February,2013
SPONSORED,Discretionary,Brooklyn,Day Care Center,Day Care,Pink,2700 Linden Blvd,Brooklyn,NY,11208,(718) 647-4730,Colony South Brooklyn Houses,Adriane Govine,February,2013
SPONSORED,,Brooklyn,Day Care Center,Day Care,Roosevelt,360 Pulaski Street,Brooklyn,NY,11206,(718) 455-5137,Mary McLeod Bethune Day Care Center,Terrel Blackett,February,2013
SPONSORED,,Brooklyn,Day Care Center,Day Care,Sheepshead/Nostrand,2953 Avenue X,Brooklyn,NY,11235,(718) 648-7162,Beachbrook Nursery School,Dr. Joan Prideaux,February,2013
SPONSORED,,Brooklyn,Day Care Center,Day Care,Stuyvesant Gardens,706 Quincy Street,Brooklyn,NY,11221,(718) 443-3440,"New York Child Resource Center's, Inc.",Erica Schollin,February,2013
SPONSORED,ACS,Brooklyn,Day Care Center,Day Care,Sumner,860 Park Avenue,Brooklyn,NY,11206,(718) 455-3471,"Brooklyn Kindergarten Society, Inc.",Elena Jaffe,February,2013
SPONSORED,ACS,Brooklyn,Day Care Center,Day Care,Tompkins,730 Park Avenue,Brooklyn,NY,11206,(718) 782-9140,"Brooklyn Kindergarten Society, Inc.",Marcia Thompson,February,2013
SPONSORED,Unfunded,Brooklyn,Day Care Center,Day Care,Van Dyke I,382 Sutter Avenue,Brooklyn,NY,11212,(718) 342-3890,"Faith, Hope and Charity Community Services Inc.",Jeffery Hampton,February,2013
SPONSORED,ACS,Brooklyn,Day Care Center,Day Care,Williams Plaza,321 Roebling Street,Brooklyn,NY,11211,,"Labor Industry for Education, Inc",,February,2013
SPONSORED,Unfunded,Brooklyn,Day Care Center,Day Care,Williamsburg,222 Graham Avenue,Brooklyn,NY,11206,(718) 387-9482,Colony South Brooklyn Houses,Veron Edwards,February,2013
SPONSORED,ACS,Brooklyn,Head Start Center,Head Start,Armstrong,262 Lexington Avenue,Brooklyn,NY,11216,(718) 453-0500,"Bedford Stuyvesant Early Childhood Development Ctr., Inc.",Cynthia Boyce,February,2013
SPONSORED,ACS,Brooklyn,Head Start Center,Head Start,Breukelen,715 East 105th Street,Brooklyn,NY,11236,(718) 649-2960,Recreation Rooms & Settlement,Navieta Harilal,February,2013
SPONSORED,ACS,Brooklyn,Head Start Center,Head Start,Hope Gardens,331 Central Avenue,Brooklyn,NY,11221,(718) 453-9040,Bushwick United Housing Development Fund,Jose Gonzalez,February,2013
SPONSORED,ACS,Brooklyn,Head Start Center,Head Start,Kingsborough,133 Kingsborough 1st Walk,Brooklyn,NY,11233,(718) 453-0828,"Bedford Stuyvesant Early Childhood Development Ctr., Inc.",Rottari Kamlesh,February,2013
SPONSORED,,Brooklyn,Head Start Center,Head Start,Roosevelt,971 DeKalb Avenue,Brooklyn,NY,11221,(718) 453-0681,"Bedford Stuyvesant Early Childhood Development Ctr., Inc.",Cynthia Boyce,February,2013
SPONSORED,ACS,Brooklyn,Head Start Center,Head Start,Seth Low,232 Powell Street,Brooklyn,NY,11212,(718) 346-0924,"Brooklyn Kindergarten Society, Inc.",Jeanette Croskey,February,2013
SPONSORED,,Brooklyn,Head Start Center,Head Start,Stuyvesant Gardens,214 Stuyvesant Avenue,Brooklyn,NY,11221,(718) 453-0695,"Bedford Stuyvesant Early Childhood Development Ctr., Inc.",Cynthia Boyce,February,2013
SPONSORED,,Brooklyn,Head Start Center,Head Start,Warren St,565 Baltic Street,Brooklyn,NY,11217,(718) 596-0666,"Police Athletic League, Inc.",Rosallie Schwartz,February,2013
SPONSORED,ACS,Brooklyn,Head Start Center,Head Start,Williamsburg,178 Leonard Street,Brooklyn,NY,11206,(347) 296-8152,Bushwick United Housing Development Fund,Jose Gonzalez,February,2013
SPONSORED,Other,Brooklyn,Health Clinic (Child),Health Clinic,Lafayette Gardens,434 DeKalb Avenue,Brooklyn,NY,11205,(718) 638-8258,NYC Health & Hospital Corp,Florence Exinor,February,2013
SPONSORED,Other,Brooklyn,Health Clinic (Child),Health Clinic,Roosevelt,388 Pulaski Street,Brooklyn,NY,11206,(718) 452-1146,NYC Health & Hospital Corp,Jackie Brown,February,2013
SPONSORED,Other,Brooklyn,Health Clinic (Child),Health Clinic,Sumner,47 Marcus Garvey Blvd.,Brooklyn,NY,11206,(718) 455-4700,NYC Health & Hospital Corp,Sylvia Andrade,February,2013
SPONSORED,Other,Brooklyn,Health Clinic (Child),Health Clinic,Williams Plaza,333 Roebling Street,Brooklyn,NY,11211,(718) 387-6407,NYC Health & Hospital Corp,Elizabeth Zeldin,February,2013
SPONSORED,Other,Brooklyn,NORC,Misc.,Coney Island/Surfside,2950 W 35th Street,Brooklyn,NY,11224,(718) 946-9311,The Jewish Association for Services for the Aged,Donna Bailey,February,2013
SPONSORED,DFTA,Brooklyn,NORC,Misc.,Sheepshead/Nostrand,"3677 Nostrand Ave, #3A",Brooklyn,NY,11229,(718) 769-3579,"Catholic Charities Neighborhood Services, Inc.",Ayana Rush,February,2013
SPONSORED,Other,Brooklyn,Office Space,Misc.,Whitman,285 Myrtle Avenue,Brooklyn,NY,11205,(718) 858-6329,Brooklyn Bureau of Comm. Service,Lisa Fields,February,2013
SPONSORED,Other,Brooklyn,School,Misc.,Penn-Wortman,530 Stanley Avenue,Brooklyn,NY,11207,(718) 498-6680,NYC Board of Education (PS 4 Special ED),Deborah Evans,February,2013
SPONSORED,DFTA,Brooklyn,Senior Center,Senior Center,Borinquen Plaza I,80 Seigel Street,Brooklyn,NY,11206,(718) 782-6335/4,Ridgewood-Bushwick Sr Citizens Council,Esther Blanco,February,2013
SPONSORED,DFTA,Brooklyn,Senior Center,Senior Center,Boulevard,726 Stanley Avenue,Brooklyn,NY,11207,(718) 272-6202,"Wayside Out-Reach Development Corporation, Inc.",Faustina L. Johnson Williams,February,2013
SPONSORED,DFTA,Brooklyn,Senior Center,Senior Center,Glenwood,5701 Avenue H,Brooklyn,NY,11234,(718) 241-7711,"Catholic Charities Neighborhood Services, Inc.",Janelle St. Hill,February,2013
SPONSORED,Other,Brooklyn,Senior Center,Senior Center,Gowanus,420 Baltic Street,Brooklyn,NY,11217,(718) 797-2472,Spanish Speaking Elderly Council - RAICES,Rosemary Bland,February,2013
SPONSORED,DFTA,Brooklyn,Senior Center,Senior Center,Haber,3024 West 24th Street,Brooklyn,NY,11224,(718) 372-5775,Jewish Comm Council of Coney Island,Etty Friedman,February,2013
SPONSORED,DFTA,Brooklyn,Senior Center,Senior Center,Hope Gardens,195 Linden Street,Brooklyn,NY,11221,(718) 455-1100,Ridgewood-Bushwick Sr Citizens Council,Alexandria Lopez,February,2013
SPONSORED,,Brooklyn,Senior Center,Senior Center,Independence Towers,114 Taylor Street,Brooklyn,NY,11211,(718) 388-9242,Millenium,Nancy Barnes,February,2013
SPONSORED,DFTA,Brooklyn,Senior Center,Senior Center,Kingsborough,447 Kingsborough 4th Walk  2nd FL.,Brooklyn,NY,11233,(718) 756-8400,Fort Greene Senior Citizens Council,Sharron Trotman,February,2013
SPONSORED,DFTA,Brooklyn,Senior Center,Senior Center,Marlboro,2298 West 8th Street,Brooklyn,NY,11223,(718) 373-6161,Jewish Comm Council of Coney Island,Roseanne DeGennaro,February,2013
SPONSORED,DFTA,Brooklyn,Senior Center,Senior Center,Penn-Wortman,895 Pennsylvania Avenue,Brooklyn,NY,11207,(718) 968-9621,Bergen Basin Community Development Corp.,Simone Dundes,February,2013
SPONSORED,DFTA,Brooklyn,Senior Center,Senior Center,Pink,2702 Linden Blvd,Brooklyn,NY,11208,(347) 663-7770,East New York Inter-Agency Cncl/Aging,Elizabeth Sanders,February,2013
SPONSORED,DFTA,Brooklyn,Senior Center,Senior Center,Red Hook West,6 Wolcott Street,Brooklyn,NY,11231,(718) 625-4844,Spanish Speaking Elderly Council - RAICES,Alexandra Rodriguez,February,2013
SPONSORED,Other,Brooklyn,Senior Center,Senior Center,Rev R. Brown,1630 St Marks Avenue,Brooklyn,NY,11233,(718) 922-1304,"Wayside Out-Reach Development Corporation, Inc.",Harvey Stone,February,2013
SPONSORED,DFTA,Brooklyn,Senior Center,Senior Center,Roosevelt II,400 Hart Street,Brooklyn,NY,11206,(718) 452-7474,Fort Greene Senior Citizens Council,Julia Shaw,February,2013
SPONSORED,DFTA,Brooklyn,Senior Center,Senior Center,Sheepshead/Nostrand,3679 Nostrand Avenue,Brooklyn,NY,11229,(718) 648-2053,"Catholic Charities Neighborhood Services, Inc.",Sharon Retkinski,February,2013
SPONSORED,DFTA,Brooklyn,Senior Center,Senior Center,Sheepshead/Nostrand,3643 Nostrand Avenue,Brooklyn,NY,11229,(718) 648-2053,"Catholic Charities Neighborhood Services, Inc.",Sharon Retkinski,February,2013
SPONSORED,DFTA,Brooklyn,Senior Center,Senior Center,Tilden,630 Mother Gaston Blvd.,Brooklyn,NY,11212,(718) 498-2990,"Wayside Out-Reach Development Corporation, Inc.",Wanda Burris,February,2013
SPONSORED,DFTA,Brooklyn,Senior Center,Senior Center,Van Dyke II,430 Dumont Avenue,Brooklyn,NY,11212,(718) 385-1110,"Wayside Out-Reach Development Corporation, Inc.",Loretta Smith,February,2013
SPONSORED,DFTA,Brooklyn,Senior Center,Senior Center,Vandalia,47 Vandalia Avenue,Brooklyn,NY,11239,(718) 272-3905,Millennium Development Corp.,Dolores Pozzuoli,February,2013
SPONSORED,DFTA,Brooklyn,Senior Center,Senior Center,Whitman,105 North Portland Avenue,Brooklyn,NY,11205,(718) 875-1011,"Ft. Greene Council, Inc.",Brenda Johnson,February,2013
SPONSORED,DFTA,Brooklyn,Senior Center,Senior Center,William Reid,720 E New York Avenue,Brooklyn,NY,11203,(718) 773-7400,Fort Greene Senior Citizens Council,Merlyn Bruce,February,2013
SPONSORED,DFTA,Brooklyn,Senior Center,Senior Center,Williamsburg,202 Graham Avenue,Brooklyn,NY,11206,(718) 388-6865,Jewish Assoc Services For The Aged,Melissa Cardenas,February,2013
SPONSORED,DFTA,Brooklyn,Senior Center,Senior Center,Woodson,460 Dumont Avenue,Brooklyn,NY,11212,(718) 345-5665,"Wayside Out-Reach Development Corporation, Inc.",Sharita Thomas,February,2013
SPONSORED,DFTA,Brooklyn,Senior Center,Senior Center,Wyckoff Gardens,280 Wyckoff Street,Brooklyn,NY,11217,(718) 237-1802,Spanish Speaking Elderly Council - RAICES,Sudiapa Blanco,February,2013
SPONSORED,Other,Manhattan,Adult Counseling Program,Misc.,Wald,36 Avenue D,New York,NY,10009,(212) 677-6668,"Barrier Free Living,  Inc.",Scott Hess,February,2013
SPONSORED,Other,Manhattan,Afterschool,Misc.,Amsterdam,206 West 64th Street,New York,NY,10023,(212) 874-0860,"Lincoln Square Neighborhood Center, Inc.",Lisandra Lopez,February,2013
SPONSORED,ACS,Manhattan,Afterschool,Misc.,Drew Hamilton,2672 Frederick Douglass Blvd.,New York,NY,10030,(212) 281-9555,"Children's Aid Society, Inc.",Donna Chandler,February,2013
SPONSORED,Other,Manhattan,Afterschool,Misc.,Rangel,159-62 Harlem River Drive,New York,NY,10039,(212) 491-5400,"Alianza Dominicana, Inc.",Teresa Rountree,February,2013
SPONSORED,Other,Manhattan,Assafa Islamic Center,MISC.,Bracetti,296 East 4th Street,New York,NY,10009,(646) 724-2805,Assafa Islamic Center,Nurur Rahman,February,2013
SPONSORED,Other,Manhattan,ATTAIN LAB,Misc.,Drew Hamilton,220 West 143rd Street,New York,NY,10030,(212) 368-0759,The Research Foundation of the State University of New York,Renee Lindquist,February,2013
SPONSORED,Other,Manhattan,ATTAIN LAB,Misc.,Polo Grounds,2965 Eighth Avenue,New York,NY,10039,(917) 612-7309,The Research Foundation of the State University of New York,Wilson Rodriguez,February,2013
SPONSORED,Other,Manhattan,Care Program (Congregate),Misc.,Bethune,1949 Amsterdam Avenue,New York,NY,10032,(212) 609-7500,Visiting Nurse Services,N/A,February,2013
SPONSORED,Other,Manhattan,Case Management,Misc.,Wise Towers/WSURA,136 West 91st Steet,New York,NY,10024,(212) 787-8106,"Self Help Community Services, Inc",Eli Brett,February,2013
SPONSORED,Other,Manhattan,Child Welfare Program,Misc.,Lehman,80 East 110th Street #1E,New York,NY,10029,(212) 348-3000,Child Welfare Organizing Project,Michael Arsham,February,2013
SPONSORED,Other,Manhattan,Children's Center,Misc.,Chelsea/Elliott,459 West 26th Street,New York,NY,10001,(212) 760-9831,The Hudson Guild,Lourdes Calderon,February,2013
SPONSORED,Other,Manhattan,Community Center,Community Center,Amsterdam Add,250 West 65th Street,New York,NY,10023,(212) 874-0860 X119,"Lincoln Square Neighborhood Center, Inc.",Mary Mulvihill,February,2013
SPONSORED,Other,Manhattan,Community Center,Community Center,Chelsea/Elliott,441 West 26th Street,New York,NY,10001,(212) 760-9800,The Hudson Guild,Ken Jockers,February,2013
SPONSORED,Other,Manhattan,Community Center,Community Center,Corsi,307 East 116th Street,New York,NY,10029,(212) 534-7800,"SCAN/New York Volunteer Parent- Aides Association, Inc.",Lisa Jackson,February,2013
SPONSORED,,Manhattan,Community Center,Community Center,DeHostos,696 Amsterdam Avenue,New York,NY,10024,(212) 316-4730,"Stryker's Bay Neighborhood Council, Inc./The Dome Project",Richard Rosario,February,2013
SPONSORED,Other,Manhattan,Community Center,Community Center,Douglas,885 Columbus Avenue,New York,NY,10025,(212) 865-6337,"Children's Aid Society, Inc.",Johnita Adams Raspberry,February,2013
SPONSORED,DYCD,Manhattan,Community Center,Community Center,Dyckman,3782 Tenth Avenue,New York,NY,10034,(212) 567-8782,"Alianza Dominicana, Inc.",Pete Mejia,February,2013
SPONSORED,Other,Manhattan,Community Center,Community Center,Frederick E. Samuel,669 Lenox Avenue,New York,NY,10030,(212) 491-1092,Abyssinian Baptist Church,David Adams,February,2013
SPONSORED,Other,Manhattan,Community Center,Community Center,Gompers,80 Pitt Street,New York,NY,10002,(212) 674-1740  X202,"Grand Street Settlement, Inc.",Willing Chin-Ma,February,2013
SPONSORED,Other,Manhattan,Community Center,Community Center,Harlem River,2627  7th Avenue,New York,NY,10030,(212) 690-4024,YMCA of Greater NY- Harlem Branch,Letoya Jackson,February,2013
SPONSORED,Other,Manhattan,Community Center,Community Center,Holmes/Isaacs,1792 First Avenue,New York,NY,10128,(212) 360-7620,Stanley M. Isaacs Neighborhood Center,Wanda Wooten,February,2013
SPONSORED,DYCD,Manhattan,Community Center,Community Center,Johnson,1820 Lexington Avenue,New York,NY,10029,(212) 410-4501,SCAN,D'Asia Woods,February,2013
SPONSORED,Other,Manhattan,Community Center,Community Center,Lincoln,2110 Madison Avenue,New York,NY,10037,(212) 234-3333,"Harlem Children's Zone, Inc.",Lola Rozier,February,2013
SPONSORED,Other,Manhattan,Community Center,Community Center,Lower East Side I,213-15 Eldridge Street,New York,NY,10002,(212) 979-2442,Greenwich Village Youth Council,Yvonne Feiger,February,2013
SPONSORED,Other,Manhattan,Community Center,Community Center,Lower East Side II,175 Eldridge Street,New York,NY,10002,(212) 475-7160,"University Settlement Society of New York, Inc.",Laneska Rosario,February,2013
SPONSORED,DYCD,Manhattan,Community Center,Community Center,Polo Grounds,3005 8th Avenue,New York,NY,10039,(212) 932-9009,The Children's  Village,Tonya GcGhee,February,2013
SPONSORED,Other,Manhattan,Community Center,Community Center,Smith,50 Madison Street,New York,NY,10038,(212) 349-3724,"Hamilton-Madison House, Inc.",Mark Hendelman,February,2013
SPONSORED,Other,Manhattan,Community Center,Community Center,St. Nicholas,2374 Eighth Avenue,New York,NY,10027,(347) 296-2835,"Harlem Children's Zone, Inc.",Latasha Morgan,February,2013
SPONSORED,Other,Manhattan,Community Center,Community Center,Taft,1732 Madison Avenue,New York,NY,10029,(212) 987-5648,"Children's Aid Society, Inc.",Danny Morris,February,2013
SPONSORED,DYCD,Manhattan,Community Center,Community Center,Two Bridges,286 South Street,New York,NY,10002,(212) 385-9352,YMCA-Chinatown,Chi Yung,February,2013
SPONSORED,Other,Manhattan,Community Center,Community Center,Wald,888 East 6th Sreet,New York,NY,10009,(212) 686-8888,"Henry Street Settlement, Inc.",Leonor Colon,February,2013
SPONSORED,Other,Manhattan,Community Center,Community Center,Wald,24 Avenue D,New York,NY,10009,(212) 254-4333,"Henry Street Settlement, Inc.",Joan Stauton,February,2013
SPONSORED,Other,Manhattan,Community Center,Community Center,Wald,12 Avenue D,New York,NY,10009,(212) 353-0272,"Loisaida, Inc.",Rakuel  Santana,February,2013
SPONSORED,Other,Manhattan,Community Center,Community Center,Washington,1775 Third Avenue,New York,NY,10029,(212) 828-6111,"Union Settlement, Association",Steven Portericker,February,2013
SPONSORED,Other,Manhattan,Community Center,Community Center,Washington,1761 Third Avenue,New York,NY,10029,(212) 828-6113,"Union Settlement, Association",Richard Reezes,February,2013
SPONSORED,Other,Manhattan,Community Center,Community Center,White,237 East 104th Street,New York,NY,10029,(212) 828-6000,"Union Settlement, Association",David Nocenti,February,2013
SPONSORED,Other,Manhattan,Community Center,Community Center,Wise Towers/WSURA,647 Columbus Avenue,New York,NY,10025,(212) 815-9400,Goddard Riverside Outreach,Roy Baptiste,February,2013
SPONSORED,Other,Manhattan,Counseling and Referral Center,Misc.,Washington Heights,715 West 179th Street,New York,NY,10033,(212) 740-1960,"Alianza Dominicana, Inc.",Wanda Cuello,February,2013
SPONSORED,,Manhattan,Day Care Center,Day Care,Amsterdam,243 West 64th Street,New York,NY,10023,(212) 581-6364,"Lincoln Square Neighborhood Center, Inc.",Lisandra Lopez,February,2013
SPONSORED,,Manhattan,Day Care Center,Day Care,Baruch,110-120 Baruch Drive,New York,NY,10002,(212) 614-0537,"Henry Street Settlement, Inc.",Linda Flores-Rivera,February,2013
SPONSORED,,Manhattan,Day Care Center,Day Care,Baruch,300 Delancey Street,New York,NY,10002,(212) 228-8240,"Grand Street Settlement, Inc.",Janet Obreton,February,2013
SPONSORED,,Manhattan,Day Care Center,Day Care,Carver,1565 Madison Avenue,New York,NY,10029,(212) 828-6078,"Union Settlement, Association",Viodelka Moreira,February,2013
SPONSORED,,Manhattan,Day Care Center,Day Care,Chelsea/Elliott,459 West 26th Street,New York,NY,10001,(212) 760-9800,The Hudson Guild,Miguel Pedraza Cumba,February,2013
SPONSORED,,Manhattan,Day Care Center,Day Care,Douglas,820 Columbus Avenue,New York,NY,10025,(212) 749-5572,"Open Door Associates, Inc.",Marie German,February,2013
SPONSORED,,Manhattan,Day Care Center,Day Care,Drew Hamilton,2672 Frederick Douglass Blvd.,New York,NY,10030,(212) 281-9555,"Children's Aid Society, Inc.",Donna Chandler,February,2013
SPONSORED,ACS,Manhattan,Day Care Center,Day Care,Dyckman,3732 Tenth Avenue,New York,NY,10034,(347) 451-0050,The Friends of Crown Heights,Vaughan Toney,February,2013
SPONSORED,,Manhattan,Day Care Center,Day Care,East River,416 East 105th Street,New York,NY,10029,(212) 534-7132,E River Children's Center Committee Inc.,Muriel Mapp,February,2013
SPONSORED,ACS,Manhattan,Day Care Center,Day Care,East River,414 East 105th Street,New York,NY,10029,(212) 722-7441,"SCAN/New York Volunteer Parent- Aides Association, Inc.",Gloria Ferrer,February,2013
SPONSORED,ACS,Manhattan,Day Care Center,Day Care,Frederick E. Samuel,669 Lenox Avenue,New York,NY,10030,(212) 491-8501,Episcopal Social Services,Nataliya Ruchkina,February,2013
SPONSORED,ACS,Manhattan,Day Care Center,Day Care,Grant,1299 Amsterdam Avenue,New York,NY,10027,(212) 666-6000,"The East Harlem Block Nursery, Inc.",Williesteen Moore,February,2013
SPONSORED,Discretionary,Manhattan,Day Care Center,Day Care,Harlem River,224 West 152nd Street,New York,NY,10039,(212) 283-4241,"Bethany Day Nursery, Inc.",Sanny Nemis,February,2013
SPONSORED,,Manhattan,Day Care Center,Day Care,Holmes/Isaacs,1794 First Avenue,New York,NY,10128,(212) 876-9200,Scan NY Eisman Day Nursery,Ramonita Maldonado,February,2013
SPONSORED,Unfunded,Manhattan,Day Care Center,Day Care,Jefferson,2211 First Avenue,New York,NY,10029,(212) 534-3999,The Dawning Village Inc.,Juliette Cannady,February,2013
SPONSORED,,Manhattan,Day Care Center,Day Care,Johnson,1820 Lexington Avenue,New York,NY,10029,(212) 876-3366,Neighborhood Day Nursery Of Harlem,Richard Rosario,February,2013
SPONSORED,ACS,Manhattan,Day Care Center,Day Care,King Towers,1 West 112th Street,New York,NY,10026,(212) 534-5249,East Calvary Day Care Center,George Penaherrera,February,2013
SPONSORED,,Manhattan,Day Care Center,Day Care,Lexington,115 East 98th Steet,New York,NY,10029,(212) 410-1060,Lexington Children's Center,Rosa Gillece,February,2013
SPONSORED,Discretionary,Manhattan,Day Care Center,Day Care,Lincoln,2112 Madison Avenue,New York,NY,10037,(212) 234-3333,"East Harlem Block Nursery, Inc.",Lola Rozier,February,2013
SPONSORED,ACS,Manhattan,Day Care Center,Day Care,Manhattanville,3240 Broadway,New York,NY,10027,(212) 690-0742,"Citizen's Care Day Care Center, Inc",Ritzu,February,2013
SPONSORED,,Manhattan,Day Care Center,Day Care,Metro North,304 East 102nd Street,New York,NY,10029,(212) 828-6415,"Union Settlement, Association",Roberta Nunez,February,2013
SPONSORED,ACS,Manhattan,Day Care Center,Day Care,Polo Grounds,2967 Eighth Avenue,New York,NY,10039,(212) 281-4142,Episcopal Social Services,Marilyn Locket,February,2013
SPONSORED,,Manhattan,Day Care Center,Day Care,Rangel,159-44 Harlem River Drive,New York,NY,10039,(212) 281-1444,"Prince Hall Service Fund, Inc.",Shameika Freeman,February,2013
SPONSORED,,Manhattan,Day Care Center,Day Care,Rangel,159-30 Harlem River Drive,New York,NY,10039,(212) 281-1444,"Prince Hall Service Fund, Inc.",Shameika Freeman,February,2013
SPONSORED,Discretionary,Manhattan,Day Care Center,Day Care,Riis,108 Avenue D,New York,NY,10009,(212) 533-9138,Chinese-American Planning Council,Helen Cooperman,February,2013
SPONSORED,Unfunded,Manhattan,Day Care Center,Day Care,Riis,90 Avenue D #1D,New York,NY,10009,(212) 533-9138,Chinese-American Planning Council,Helen Cooperman,February,2013
SPONSORED,ACS,Manhattan,Day Care Center,Day Care,Riis,464 East 10th Street,New York,NY,10009,(212) 228-5220,Episcopal Social Services,Aurora Ceniza,February,2013
SPONSORED,ACS,Manhattan,Day Care Center,Day Care,Seward Park Ext,60 Essex Street,New York,NY,10002,(212) 677-6990,Coalition For Human Housing,Raquel Cosme,February,2013
SPONSORED,,Manhattan,Day Care Center,Day Care,Smith,10 Catherine Slip,New York,NY,10038,(212) 349-3724,"Hamilton-Madison House, Inc.",Laura Kollins,February,2013
SPONSORED,,Manhattan,Day Care Center,Day Care,Smith,60 Catherine Street,New York,NY,10038,(212) 349-3724,"Hamilton-Madison House, Inc.",Laura Kollins,February,2013
SPONSORED,ACS,Manhattan,Day Care Center,Day Care,St. Nicholas,236 West 131st Street,New York,NY,10027,(212) 663-7375,Utopia Children's Center,Theresa Evans,February,2013
SPONSORED,ACS,Manhattan,Day Care Center,Day Care,Taft,131 St. Nicholas Avenue,New York,NY,10026,(212) 666-1683,"Citizen's Care Day Care Center, Inc",Angrid Davis,February,2013
SPONSORED,,Manhattan,Day Care Center,Day Care,Taft,1724-1726 Madison Avenue,New York,NY,10029,(212) 831-0556,"Children's Aid Society, Inc.",Beverly Largie,February,2013
SPONSORED,,Manhattan,Day Care Center,Day Care,Wagner,451 East 120th Street,New York,NY,10035,(212) 534-0887,Pleasant Ave Day Care Co.,Rhoda Brown,February,2013
SPONSORED,ACS,Manhattan,Day Care Center,Day Care,Wald,34 Avenue D,New York,NY,10009,(646) 395-4538,"The Educational Alliance, Inc.",Maria Roman,February,2013
SPONSORED,,Manhattan,Day Care Center,Day Care,Washington,1893 Second Avenue,New York,NY,10029,(212) 828-6088,"Union Settlement, Association",Margaret Dacosta,February,2013
SPONSORED,Unfunded,Manhattan,Day Care Center,Day Care,Washington Heights,2340-46 Amsterdam Avenue,New York,NY,10033,(212) 795-5872,"Alianza Dominicana, Inc.",Felix E. Arias,February,2013
SPONSORED,,Manhattan,Day Care Center,Day Care,White,237 East 104th Street,New York,NY,10029,(212) 828-6049,"Union Settlement, Association",Ivelisa Batman,February,2013
SPONSORED,,Manhattan,Day Care Center,Day Care,Wise Towers/WSU RA,114 West 91st Street,New York,NY,10024,(212) 873-6865,Goddard Riverside Outreach,Pedro Cordero,February,2013
SPONSORED,Other,Manhattan,Family  Assistance Program,Misc.,Audobon,1909 Amsterdam Avenue,New York,NY,10032,(212) 740-1960 X3670,"Alianza Dominicana, Inc.",Milagros Batista,February,2013
SPONSORED,Other,Manhattan,Family/Youth Program,Misc.,Vladeck,367 Madison Street,New York,NY,10002,(212)473-1474,"Henry Street Settlement, Inc.",Greg Rideout,February,2013
SPONSORED,,Manhattan,Head Start Center,Head Start,Baruch,294 Delancey Street,New York,NY,10002,(212) 777-0656,"Grand Street Settlement, Inc.",Chanda Hill,February,2013
SPONSORED,ACS,Manhattan,Head Start Center,Head Start,Chelsea/Elliott,459 West 26th Street,New York,NY,10001,(212) 760-9830,The Hudson Guild,Lee Ann Scadute,February,2013
SPONSORED,,Manhattan,Head Start Center,Head Start,Clinton,120 East 110th Street,New York,NY,10029,(212) 860-4053,"James Weldon Johnson Community Centers, Inc.",Sheryl Graded,February,2013
SPONSORED,ACS,Manhattan,Head Start Center,Head Start,Douglas,885 Columbus Avenue,New York,NY,10025,(212) 865-6337,"Children's Aid Society, Inc.",Amy Hyman,February,2013
SPONSORED,,Manhattan,Head Start Center,Head Start,Gompers,80 Pitt Street,New York,NY,10002,(646) 201-4201,"Grand Street Settlement, Inc.",Willing Chin-Ma,February,2013
SPONSORED,,Manhattan,Head Start Center,Head Start,Jefferson,2205 First Avenue,New York,NY,10029,(212) 860-4044,"James Weldon Johnson Community Centers, Inc.",Mrs. J. E. Alston-Johnson,February,2013
SPONSORED,ACS,Manhattan,Head Start Center,Head Start,Metro North,345 East 101 Street,New York,NY,10009,(212) 831-7373,Addie Mae Collins Comm. Serv.,Diane Spann,February,2013
SPONSORED,ACS,Manhattan,Head Start Center,Head Start,Robinson,110 East 129th Street,New York,NY,10035,(212) 831-9220,Addie Mae Collins Comm. Serv.,Diane Spann,February,2013
SPONSORED,,Manhattan,Head Start Center,Head Start,Smith,50 Madison Street,New York,NY,10038,(212) 349-3724,"Hamilton-Madison House, Inc.",Laura Kollins,February,2013
SPONSORED,ACS,Manhattan,Head Start Center,Head Start,St. Nicholas,236 West 129st Street,New York,NY,10027,(212) 663-7375,Utopia Children's Center,Theresa Evans,February,2013
SPONSORED,,Manhattan,Head Start Center,Head Start,Wald,18 Avenue D,New York,NY,10009,(212) 780-5430,"The Educational Alliance, Inc.",Joanny Ruiz,February,2013
SPONSORED,,Manhattan,Head Start Center,Head Start,Washington,1893 Second Avenue,New York,NY,10029,(212) 828-6088,"Union Settlement, Association",Margaret Dacosta,February,2013
SPONSORED,,Manhattan,Head Start Center,Head Start,Washington,218 East 104th St.,New York,NY,10029,(212) 828-6070,"Union Settlement, Association",Sharon Amstrong Walker,February,2013
SPONSORED,Other,Manhattan,Health Clinic,Health Clinic,DeHostos,690 Amsterdam Avenue,New York,NY,10025,(212) 865-4104,The Institute for Family Health,Mr. Ingram,February,2013
SPONSORED,Other,Manhattan,Health Clinic,Health Clinic,Drew Hamilton,2698 Frederick Douglass Blvd.,New York,NY,10030,(212) 939-8950,NYC Health & Hospital Corp,Paulette McCoullough,February,2013
SPONSORED,Other,Manhattan,Health Clinic,Health Clinic,Fort Washington,99 Ft Washington Avenue,New York,NY,10032,(212) 740-2290,Columbia Presbyterian Medical Center,Naomy Randin,February,2013
SPONSORED,Other,Manhattan,Health Clinic,Health Clinic,Grant,3170 Broadway,New York,NY,10027,(212) 678-8420,NYC Health & Hospital Corp,Valerie Barney-Worth,February,2013
SPONSORED,Other,Manhattan,Health Clinic,Health Clinic,Smith,60 Madison Street,New York,NY,10038,(212) 346-0500,NYC Health & Hospital Corp,Anna Hou-Yu,February,2013
SPONSORED,Other,Manhattan,Health Clinic (Child),Health Clinic,Drew Hamilton,2698 Frederick Douglass Blvd.,New York,NY,10030,(212) 939-8950,NYC Health & Hospital Corp,Paulette McCoullough,February,2013
SPONSORED,Other,Manhattan,Health Clinic (Child),Health Clinic,Dyckman,175 Nagle Avenue,New York,NY,10034,(212) 544-2001,NYC Health & Hospital Corp,Maria Rivera,February,2013
SPONSORED,Other,Manhattan,Health Clinic (Child),Health Clinic,St. Nicholas,281 West 127th Street,New York,NY,10027,(212) 865-1300 - X1563,NYC Health & Hospital Corp,Errol Dillon,February,2013
SPONSORED,Other,Manhattan,Health Clinic (Family),Health Clinic,Baruch,280 Delancey Street.,New York,NY,10002,(212) 673-5990,NYC Health & Hospital Corp,Lily Yiv,February,2013
SPONSORED,Other,Manhattan,Health Clinic (Mental),Health Clinic,Chelsea/Elliott,441 West 26th Street,New York,NY,10001,(212) 760-9822,The Hudson Guild,Alisa Robbins,February,2013
SPONSORED,Other,Manhattan,Health Clinic (Mental),Health Clinic,Jefferson,210 East 115 Street 1A-1D,New York,NY,10029,(212) 828-6144,"Union Settlement, Association",Karen Smith-Moore,February,2013
SPONSORED,Other,Manhattan,Health Clinic (Mental),Health Clinic,Jefferson,2089 Third Avenue # 1D-2C,New York,NY,10029,(212) 828-6144,"Union Settlement, Association",Karen Smith-Moore,February,2013
SPONSORED,Other,Manhattan,Health Clinic (Mental),Health Clinic,Jefferson,2089 Third Avenue,New York,NY,10029,(212) 828-6144,"Union Settlement, Association",Karen Smith-Moore,February,2013
SPONSORED,Other,Manhattan,Health Clinic (Mental),Health Clinic,La Guardia,40 Montgomery Street,New York,NY,10002,(212) 233-5032,"Henry Street Settlement, Inc.",Larraine Ahto,February,2013
SPONSORED,Other,Manhattan,Health Clinic (Mental),Health Clinic,Wise Towers/WSURA,589 Amsterdam Avenue,New York,NY,10024,,Goddard Riverside Outreach,Patrick O'Quinn/Chdristian Edwards,February,2013
SPONSORED,Other,Manhattan,IHAD Literacy,Misc.,Chelsea/Elliott,420 West 26th Street,New York,NY,10001,(212) 627-3086,I Have A Dream Foundation-NY,Treston Lambert,February,2013
SPONSORED,Other,Manhattan,IHAD Literacy,Misc.,DeHostos,201 West 93rd Street,New York,NY,10025,(212) 222-2448,I Have A Dream Foundation-NY,Marvin Cabrera,February,2013
SPONSORED,Other,Manhattan,Library,Misc.,Harlem River,2650 A C Powell Blvd,New York,NY,10039,(212) 281-4900,NYC Public Library,Rachel Haniq,February,2013
SPONSORED,DFTA,Manhattan,NORC,Misc.,Amsterdam Add,250 West 65th Street,New York,NY,10023,(212) 874-0860 X109,"Lincoln Square Neighborhood Center, Inc.",Wendy Golub,February,2013
SPONSORED,Other,Manhattan,NORC,Misc.,Baruch Addition,72 Columbia Street,New York,NY,10002,(212) 982-4171,"Grand Street Settlement, Inc.",Mei-Guey Jan,February,2013
SPONSORED,DFTA,Manhattan,NORC,Misc.,Chelsea/Elliott,441 West 26th Street,New York,NY,10001,(212) 760-9800,The Hudson Guild,Ken Jockers,February,2013
SPONSORED,DFTA,Manhattan,NORC,Misc.,Holmes/Isaacs,415 East 93rd Street,New York,NY,10128,(212) 360-7620,Stanley M. Isaacs Neighborhood Center,Amy Loewenberg,February,2013
SPONSORED,DFTA,Manhattan,NORC,Misc.,Smith,50 Madison Street,New York,NY,10038,(212) 349-3724,"Hamilton-Madison House, Inc.",Brenda Tong,February,2013
SPONSORED,DFTA,Manhattan,NORC,Misc.,Vladeck,"351 Madison Street, #1C",New York,NY,10002,(212) 477-0455,"Henry Street Settlement, Inc.",Betsy Smith/Janet Fisher,February,2013
SPONSORED,Other,Manhattan,Office Space,Misc.,Douglas,865 Columbus Avenue  1C,New York,NY,10025,(212) 949-4800,"Children's Aid Society, Inc.",Maria Astudillo,February,2013
SPONSORED,Other,Manhattan,Office Space,Misc.,Smith,50 Madison Street,New York,NY,10038,(212) 349-3724,"Hamilton-Madison House, Inc.",Frank Modica,February,2013
SPONSORED,Other,Manhattan,School,Misc.,Amsterdam,216 West 63rd Street,New York,NY,10025,(212) 874-0860,"Lincoln Square Neighborhood Center, Inc.",Lisandra Lopez,February,2013
SPONSORED,Other,Manhattan,Senior Center,Senior Center,Amsterdam Add,250 West 65th Street,New York,NY,10023,(212) 874-0860 X109,"Lincoln Square Neighborhood Center, Inc.",Wendy Golub,February,2013
SPONSORED,DFTA,Manhattan,Senior Center,Senior Center,Carver,55 East 102nd Street,New York,NY,10029,(212) 289-2708,Institute for the Puerto Rican/Hispanic Elderly,Maria Rivera,February,2013
SPONSORED,DFTA,Manhattan,Senior Center,Senior Center,Corsi,307 East 116th Street,New York,NY,10029,(212) 828-6756,"Union Settlement, Association",Jayda Green,February,2013
SPONSORED,DFTA,Manhattan,Senior Center,Senior Center,Dyckman,3754 Tenth Avenue,New York,NY,10034,(212) 569-7790,NY Foundation For Sr. Citizens,Carol Weeks,February,2013
SPONSORED,DFTA,Manhattan,Senior Center,Senior Center,East River,402 East 105th Street,New York,NY,10029,(212) 828-6107,"Union Settlement, Association",Suleyma Urias,February,2013
SPONSORED,DFTA,Manhattan,Senior Center,Senior Center,Fort Washington,99 Ft Washington Avenue,New York,NY,10032,(212) 927-5600,"Riverstone Senior Life Services, Inc.",Ilana Dunner,February,2013
SPONSORED,DFTA,Manhattan,Senior Center,Senior Center,Fulton,119 Ninth Avenue,New York,NY,10011,(212) 924-6710,The Hudson Guild,Cheryl Kamen,February,2013
SPONSORED,DFTA,Manhattan,Senior Center,Senior Center,Gompers,80 Pitt Street,New York,NY,10002,(646) 201-4251,"Grand Street Settlement, Inc.",Ines De La Nuez,February,2013
SPONSORED,DFTA,Manhattan,Senior Center,Senior Center,Grant,1301 Amsterdam Avenue,New York,NY,10027,(212) 666-4910,"Charles A. Walburg Multi-Service, Inc.",Norma Gomez,February,2013
SPONSORED,DFTA,Manhattan,Senior Center,Senior Center,Harborview,530 West 55th Street,New York,NY,10019,(212) 757-2026,"Find Aid for The Aged, Inc.",Tronace Simmons,February,2013
SPONSORED,DFTA,Manhattan,Senior Center,Senior Center,Hernandez,189 Allen Street,New York,NY,10002,(212) 473-8217,"University Settlement Society of New York, Inc.",Michele Rodriguez,February,2013
SPONSORED,DFTA,Manhattan,Senior Center,Senior Center,Holmes/Isaacs,415 East 93rd Street,New York,NY,10128,(212) 360-7620,Stanley M. Isaacs Neighborhood Center,Amy Loewenberg,February,2013
SPONSORED,DFTA,Manhattan,Senior Center,Senior Center,Jefferson,2205 First Avenue,New York,NY,10029,(212) 828-6098,"Union Settlement, Association",Maria Alejandro,February,2013
SPONSORED,DFTA,Manhattan,Senior Center,Senior Center,LaGuardia Add,280 Cherry Street,New York,NY,10002,(212) 732-3656,NY Foundation For Sr. Citizens,Alana Pudalov,February,2013
SPONSORED,DFTA,Manhattan,Senior Center,Senior Center,P.S. 139 Conversion,120 West 140th Street,New York,NY,10030,(212) 926-4465,"Central Harlem Sr Citizens Centers, Inc.",Jonnathan Carrington,February,2013
SPONSORED,DFTA,Manhattan,Senior Center,Senior Center,Robbins Plaza,343 East 70th Street,New York,NY,10021,(212) 744-5905,Lenox Hill Neighborhood House,Hyoin Park,February,2013
SPONSORED,DFTA,Manhattan,Senior Center,Senior Center,Smith,50 Madison Street,New York,NY,10038,(212) 349-3724,"Hamilton-Madison House, Inc.",Brenda Tong,February,2013
SPONSORED,DFTA,Manhattan,Senior Center,Senior Center,UPACA 6,1940 Lexington Avenue,New York,NY,10035,(212) 838-8028,Institute for the Puerto Rican/Hispanic Elderly,Maria Rivera,February,2013
SPONSORED,DFTA,Manhattan,Senior Center,Senior Center,Vladeck,334 Madison Street,New York,NY,10002,(212) 349-2770,"Henry Street Settlement, Inc.",Milvi Vehik,February,2013
SPONSORED,Other,Manhattan,Senior Center,Senior Center,Wald,12 Avenue D,New York,NY,10009,(212) 260-2731,United Jewish Council,Angelita Salgado,February,2013
SPONSORED,Other,Manhattan,Senior Center,Senior Center,Washington,1775 Third Avenue,New York,NY,10029,(212) 828-6115,"Union Settlement, Association",Maria Alejandro,February,2013
SPONSORED,DFTA,Manhattan,Senior Center,Senior Center,Washington Heights,1970 Amsterdam Avenue,New York,NY,10032,(212) 928-6607,United Block Association,Yolanda Mayrant,February,2013
SPONSORED,DFTA,Manhattan,Senior Center,Senior Center,White,2029 2nd Avenue,New York,NY,10029,(212) 828-6055,"Union Settlement, Association",Maria alejandro,February,2013
SPONSORED,Other,Manhattan,Senior Program,Misc.,Grant,1301 Amsterdam Avenue,New York,NY,10027,(212) 666-6000,"The East Harlem Block Nursery, Inc.",Williesteen Moore,February,2013
SPONSORED,Other,Manhattan,Teen Program,Misc.,Manhattanville,530 West 133rd Street,New York,NY,10027,(212) 283-6770,"Boys and Girls Club of Harlem, Inc.",Ms. Shorter,February,2013
SPONSORED,Other,Manhattan,Urban Family Ctr,Misc.,Lavanburg,126-142 Baruch Place,New York,NY,10002,(212) 475-6400,"Henry Street Settlement, Inc.",Generia Armstrong,February,2013
SPONSORED,Other,Manhattan,Vocational Training,Misc.,East River,453 East 102nd Street,New York,NY,10029,(646) 335-0832,E Harlem Employment Serv/Strive,Lawrence Jackson,February,2013
SPONSORED,Other,Queens,Adult Literacy Program,Misc.,Queensbridge North,10-43 41st Avenue,Queens,NY,11101,(718) 937-6266,Queens Borough Public Library,Marco Castillo,February,2013
SPONSORED,Other,Queens,Community Center,Community Center,Forest Hills,108-25 62nd Drive,Queens,NY,11375,(718) 592-5757,"Queens Community House, Inc.",Irma E. Rodriguez,February,2013
SPONSORED,DYCD,Queens,Community Center,Community Center,Latimer Gardens,34-30 137th Street,Queens,NY,11354,(718) 353-0385,Child Center of New York,Robert Closs,February,2013
SPONSORED,DYCD,Queens,Community Center,Community Center,Ocean Bay Apts/Bayside,57-10 Beach Channel Dr,Queens,NY,11692,(718) 634-4493,"Action Center for Education and Community Development, Inc.",Nelson Sarweh,February,2013
SPONSORED,Other,Queens,Community Center,Community Center,Pomonok,67-09 Kissena Blvd,Queens,NY,11367,(718) 591-6060,"Queens Community House, Inc.",Sheena Sukhraj,February,2013
SPONSORED,Other,Queens,Community Center,Community Center,Queensbridge North,10-25 41st Avenue,Queens,NY,11101,(718) 784-7447,"Jacob A. Riis Neighborhood Settlement, Inc.",William Newlin/Veronica Franklin,February,2013
SPONSORED,DYCD,Queens,Community Center,Community Center,Ravenswood,35-40 21st Street,Queens,NY,11106,(718) 786-3131,"Jacob A. Riis Neighborhood Settlement, Inc.",Oshea Moye,February,2013
SPONSORED,DYCD,Queens,Community Center,Community Center,Redfern,15-44 Hassock Street,Queens,NY,11691,(718) 471-0236,"Police Athletic League, Inc.",Chad Brownlee,February,2013
SPONSORED,DYCD,Queens,Community Center,Community Center,South Jamaica,109-04 160th Street,Queens,NY,11433,(718) 297-7237,Southern Queens Park Association,Louise Mercado,February,2013
SPONSORED,Other,Queens,Computer Room,Misc.,Queensbridge North,10-25 41st Avenue,Queens,NY,11101,(718) 784-7447 X111,"Jacob A. Riis Neighborhood Settlement, Inc.",William Newlin,February,2013
SPONSORED,ACS,Queens,Day Care Center,Day Care,Baisley Park,116-55 Guy Brewer Blvd,Queens,NY,11433,(718) 528-0922,"Jamaica Child Care Center, Inc.",Lisa Martello-Lopez,February,2013
SPONSORED,ACS,Queens,Day Care Center,Day Care,Bland,133-16 Roosevelt Avenue,Queens,NY,11354,(718) 463-0403,"League For Community Life, Inc.",Cecilia Abrilla,February,2013
SPONSORED,Unfunded,Queens,Day Care Center,Day Care,Forest Hills,110-01 62nd Drive,Queens,NY,11375,(718) 592-5757,"Queens Community House, Inc.",Jason Treleaven,February,2013
SPONSORED,Discretionary,Queens,Day Care Center,Day Care,Hammel,82-10 Rkway Beach Blvd,Queens,NY,11693,(718) 474-3162,"Atled, Inc.",Dorothy Lavendar,February,2013
SPONSORED,Discretionary,Queens,Day Care Center,Day Care,Ocean Bay Apts/Oceanside,338 Beach 56th Streeet,Queens,NY,11692,(718) 474-8618,"Bethel Mission Station Church, Inc.",Dolores Paual,February,2013
SPONSORED,Discretionary,Queens,Day Care Center,Day Care,Queensbridge North,10-26 41st Avenue,Queens,NY,11101,(718) 784-2092,"Police Athletic League, Inc.",Vanesia Richardson,February,2013
SPONSORED,,Queens,Day Care Center,Day Care,Redfern,14-66 Beach Channel Dr,Queens,NY,11691,(718) 327-1384,"Bethel Mission Station Church, Inc.",Claudia Dunkley,February,2013
SPONSORED,Unfunded,Queens,Day Care Center,Day Care,South Jamaica,108-17 159th Street,Queens,NY,11433,(718) 526-3068,Afro-American Parents Day Care Center,Loubella Calicdan,February,2013
SPONSORED,ACS,Queens,Day Care Center,Day Care,Woodside,50-37 Broadway,Queens,NY,11377,(718) 278-3616,"Police Athletic League, Inc.",Sandrine Kelley,February,2013
SPONSORED,Other,Queens,Family Literacy Ctr.,Misc.,Ravenswood,35-32 21st Street,Queens,NY,11106,(718)784-2112,Queens Borough Public Library,Silvana Vasconceios,February,2013
SPONSORED,Other,Queens,Health Clinic,Health Clinic,Queensbridge North,10-29 41st Avenue,Queens,NY,11101,(718) 784-2240,The Floating Hospital,,February,2013
SPONSORED,Other,Queens,Health Clinic (Child),Health Clinic,Woodside,50-53 Newtown Road,Queens,NY,11377,(718) 334-6140,NYC Health & Hospital Corp,"Anurag Mehra, RN",February,2013
SPONSORED,Other,Queens,IHAD Literacy,Misc.,Ravenswood,14-01 36 Avenue #1A,Queens,NY,11106,(718) 472-5589,I Have A Dream Foundation-NY,Karlisle Honore,February,2013
SPONSORED,DFTA,Queens,NORC,Misc.,Forest Hills,108-25 62nd Drive,Queens,NY,11375,(718) 760-5231,"Queens Community House, Inc.",Evelyn Gottlieb,February,2013
SPONSORED,Other,Queens,NORC,Misc.,Queensbridge North,10-25 41st Avenue,Queens,NY,11101,(718) 784-7447,"Jacob A. Riis Neighborhood Settlement, Inc.",Robert Madison,February,2013
SPONSORED,DFTA,Queens,NORC,Misc.,Ravenswood,34-35A 12th Street,Queens,NY,11106,(718) 609-1028,"HANAC, Inc.",Peggy Chance,February,2013
SPONSORED,Other,Queens,Office Space,Misc.,Queensbridge North,40-11 10th St Apt 1E,Queens,NY,11101,(718) 784-7447,"Jacob A. Riis Neighborhood Settlement, Inc.",William Newlin,February,2013
SPONSORED,Other,Queens,Referral Services,Misc.,Queensbridge North,40-10 10th Street Suite 2D/2E,Queens,NY,11101,(718) 386-0740,"Steinway Child & Family Services, Inc.",Amber Mallory,February,2013
SPONSORED,DFTA,Queens,senior center,Senior Center,Conlon-Lihfe,92-33 170th Street,Queens,NY,11433,(718) 657-6543,Jamaica Service Program for Older Adults,Stephanie Zevon,February,2013
SPONSORED,DFTA,Queens,Senior Center,Senior Center,Forest Hills,108-25 62nd Drive,Queens,NY,11375,(718) 699-1010,"Queens Community House, Inc.",Rose Desravines,February,2013
SPONSORED,DFTA,Queens,Senior Center,Senior Center,Latimer Gardens,34-30 137th Street,Queens,NY,11354,(718) 961-3660,"Self Help Community Services, Inc",Cheryl Gersh,February,2013
SPONSORED,DFTA,Queens,Senior Center,Senior Center,Pomonok,67-09 Kissena Blvd,Queens,NY,11367,(718) 591-3377,"Queens Community House, Inc.",Angela King,February,2013
SPONSORED,DFTA,Queens,Senior Center,Senior Center,Queensbridge North,10-25 41st Avenue,Queens,NY,11101,(718) 784-7447 X135,"Jacob A. Riis Neighborhood Settlement, Inc.",Robert Madison,February,2013
SPONSORED,DFTA,Queens,Senior Center,Senior Center,Ravenswood,34-35A 12th Street,Queens,NY,11106,(718) 786-1550,"HANAC, Inc.",Christina Sema,February,2013
SPONSORED,DFTA,Queens,Senior Center,Senior Center,Woodside,50-37 Newtown Road,Queens,NY,11377,(718) 932-6916,Samaritan Village,Matthew Ancona,February,2013
SPONSORED,Other,Queens,Senior Program,Misc.,Ocean Bay Apts/Oceanside,339 Beach 54th St.,Queens,NY,11692,(718) 945-4246,Tenant Association,Cornelia Taylor,February,2013
SPONSORED,Other,Queens,Storage,Misc.,Forest Hills,62-27  108th Street,Queens,NY,11375,(718) 592-5757 X254,"Queens Community House, Inc.",Jason Treleaven,February,2013
SPONSORED,Other,Staten Island,ATTAIN LAB,Misc.,Berry,211 Jefferson St.,Staten Island,NY,10306,(718) 979-4892,The Research Foundation of the State University of New York,Anita Eshun,February,2013
SPONSORED,other,Staten Island,ATTAIN LAB,Misc.,South Beach,155 Norway Avenue,Staten Island,NY,10305,(718) 815-0689,The Research Foundation of the State University of New York,Dan Widensky,February,2013
SPONSORED,DYCD,Staten Island,Community Center,Community Center,Stapleton,230 Broad St.,Staten Island,NY,10304,(718) 981-0500,Jewish Community Center,Debra Frederick,February,2013
SPONSORED,ACS,Staten Island,Day Care Center,Day Care,Mariner's Harbor,166 Lockman Avenue,Staten Island,NY,10303,(718) 494-0400,"Staten Island Mental Health Society, Inc.",Janilee Yanny,February,2013
SPONSORED,,Staten Island,Head Start Center,Head Start,Berry,44 Dongan Hills Avenue,Staten Island,NY,10306,(718) 987-7755,"Staten Island Mental Health Society, Inc.",Beryl Clark,February,2013
SPONSORED,DFTA,Staten Island,Senior Center,Senior Center,Cassidy/Lafayette,125 Cassidy Pl,Staten Island,NY,10301,(718) 273-6808,"Community Agency for Senior Citizens, Inc.",Jamie Santoro,February,2013
SPONSORED,DFTA,Staten Island,Senior Center,Senior Center,New Lane,70 New Lane,Staten Island,NY,10305,(718) 448-5936,"Community Agency for Senior Citizens, Inc.",James Malandro,February,2013
SPONSORED,DFTA,Staten Island,Senior Center,Senior center,Stapleton,189 Gordon Street,Staten Island,NY,10304,(718) 981-8828,Catholic Charities,Glenda Martinez,February,2013
SPONSORED,DFTA,Staten Island,Senior Center,Senior Center,Todt Hill,184 Schmidts Lane,Staten Island,NY,10314,(718) 698-7979,S.I. Comm Servs Friendship Club,Jeanne Agnello,February,2013
SPONSORED,DFTA,Staten Island,Senior Center,Senior Center,West Brighton,230 Broadway,Staten Island,NY,10310,(718) 727-9763/9793,Catholic Charities,June Hope,February,2013
